,Pclass,SibSp,Parch,Age_true,AgeGroup,FareGroup,CabinLvl,Embarked_C,Embarked_Q,Embarked_S,Title_Master,Title_Mr,Title_Mrs,Title_Ms,Title_Noble,Survived
445,1,0,2,1,0,4,7,0,0,1,1,0,0,0,0,1
650,3,0,0,0,3,1,0,0,0,1,0,1,0,0,0,0
172,3,1,1,1,0,2,0,0,0,1,0,0,0,1,0,1
450,2,1,2,1,4,3,0,0,0,1,0,1,0,0,0,0
314,2,1,1,1,4,3,0,0,0,1,0,1,0,0,0,0
332,1,0,1,1,4,5,5,0,0,1,0,1,0,0,0,0
801,2,1,1,1,3,3,0,0,0,1,0,0,1,0,0,1
90,3,0,0,1,3,1,0,0,0,1,0,1,0,0,0,0
834,3,0,0,1,2,1,0,0,0,1,0,1,0,0,0,0
181,2,0,0,0,3,2,0,1,0,0,0,1,0,0,0,0
581,1,1,1,1,4,5,5,1,0,0,0,0,1,0,0,1
795,2,0,0,1,4,2,0,0,0,1,0,1,0,0,0,0
69,3,2,0,1,3,1,0,0,0,1,0,1,0,0,0,0
131,3,0,0,1,2,0,0,0,0,1,0,1,0,0,0,0
334,1,1,0,0,4,5,0,0,0,1,0,0,1,0,0,1
597,3,0,0,1,4,0,0,0,0,1,0,1,0,0,0,0
135,2,0,0,1,2,2,0,1,0,0,0,1,0,0,0,0
164,3,4,1,1,0,3,0,0,0,1,1,0,0,0,0,0
28,3,0,0,0,2,1,0,0,1,0,0,0,0,1,0,1
783,3,1,2,0,3,3,0,0,0,1,0,1,0,0,0,0
193,2,1,1,1,0,3,2,0,0,1,1,0,0,0,0,1
869,3,1,1,1,0,2,0,0,0,1,1,0,0,0,0,1
715,3,0,0,1,2,0,2,0,0,1,0,1,0,0,0,0
525,3,0,0,0,4,0,0,0,1,0,0,1,0,0,0,0
381,3,0,2,1,0,2,0,1,0,0,0,0,0,1,0,1
140,3,0,2,0,4,2,0,1,0,0,0,0,1,0,0,0
173,3,0,0,1,2,1,0,0,0,1,0,1,0,0,0,0
6,1,0,0,1,5,4,3,0,0,1,0,1,0,0,0,0
718,3,0,0,0,3,2,0,0,1,0,0,1,0,0,0,0
685,2,1,2,1,3,4,0,1,0,0,0,1,0,0,0,0
73,3,1,0,1,3,2,0,1,0,0,0,1,0,0,0,0
882,3,0,0,1,2,2,0,0,0,1,0,0,0,1,0,0
328,3,1,1,1,3,2,0,0,0,1,0,0,1,0,0,1
453,1,1,0,1,4,4,5,1,0,0,0,1,0,0,0,1
145,2,1,1,1,2,3,0,0,0,1,0,1,0,0,0,0
234,2,0,0,1,2,1,0,0,0,1,0,1,0,0,0,0
220,3,0,0,1,1,1,0,0,0,1,0,1,0,0,0,1
370,1,1,0,1,3,4,3,1,0,0,0,1,0,0,0,1
811,3,0,0,1,4,3,0,0,0,1,0,1,0,0,0,0
132,3,1,0,1,4,2,0,0,0,1,0,0,1,0,0,0
694,1,0,0,1,5,3,0,0,0,1,0,0,0,0,1,0
864,2,0,0,1,2,2,0,0,0,1,0,1,0,0,0,0
185,1,0,0,0,3,4,7,0,0,1,0,1,0,0,0,0
41,2,1,0,1,3,2,0,0,0,1,0,0,1,0,0,0
547,2,0,0,0,3,2,0,1,0,0,0,1,0,0,0,1
108,3,0,0,1,4,1,0,0,0,1,0,1,0,0,0,0
603,3,0,0,1,4,1,0,0,0,1,0,1,0,0,0,0
56,2,0,0,1,2,1,0,0,0,1,0,0,0,1,0,1
394,3,0,2,1,2,2,1,0,0,1,0,0,1,0,0,1
706,2,0,0,1,4,2,0,0,0,1,0,0,1,0,0,1
549,2,1,1,1,0,3,0,0,0,1,1,0,0,0,0,1
24,3,3,1,1,0,2,0,0,0,1,0,0,0,1,0,0
351,1,0,0,0,3,3,5,0,0,1,0,1,0,0,0,0
429,3,0,0,1,3,1,3,0,0,1,0,1,0,0,0,1
434,1,1,0,1,5,4,3,0,0,1,0,1,0,0,0,0
51,3,0,0,1,2,0,0,0,0,1,0,1,0,0,0,0
526,2,0,0,1,5,1,0,0,0,1,0,0,0,1,0,1
816,3,0,0,1,2,1,0,0,0,1,0,0,0,1,0,0
569,3,0,0,1,3,1,0,0,0,1,0,1,0,0,0,1
264,3,0,0,0,2,0,0,0,1,0,0,0,0,1,0,0
436,3,2,2,1,2,3,0,0,0,1,0,0,0,1,0,0
613,3,0,0,0,3,0,0,0,1,0,0,1,0,0,0,0
693,3,0,0,1,3,0,0,1,0,0,0,1,0,0,0,0
352,3,1,1,1,1,0,0,1,0,0,0,1,0,0,0,0
18,3,1,0,1,3,2,0,0,0,1,0,0,1,0,0,0
666,2,0,0,1,3,2,0,0,0,1,0,1,0,0,0,0
582,2,0,0,1,5,3,0,0,0,1,0,1,0,0,0,0
83,1,0,0,1,3,4,0,0,0,1,0,1,0,0,0,0
61,1,0,0,1,4,4,6,0,0,1,0,0,0,1,0,1
272,2,0,1,1,4,2,0,0,0,1,0,0,1,0,0,1
285,3,0,0,1,3,1,0,1,0,0,0,1,0,0,0,0
695,2,0,0,1,5,2,0,0,0,1,0,1,0,0,0,0
746,3,1,1,1,1,2,0,0,0,1,0,1,0,0,0,0
12,3,0,0,1,2,1,0,0,0,1,0,1,0,0,0,0
182,3,4,2,1,0,3,0,0,0,1,1,0,0,0,0,0
444,3,0,0,0,3,1,0,0,0,1,0,1,0,0,0,1
552,3,0,0,0,3,1,0,0,1,0,0,1,0,0,0,0
223,3,0,0,0,3,1,0,0,0,1,0,1,0,0,0,0
513,1,1,0,1,5,4,0,1,0,0,0,0,1,0,0,1
628,3,0,0,1,3,1,0,0,0,1,0,1,0,0,0,0
587,1,1,1,1,5,4,6,1,0,0,0,1,0,0,0,1
692,3,0,0,0,3,4,0,0,0,1,0,1,0,0,0,1
523,1,0,1,1,4,4,6,1,0,0,0,0,1,0,0,1
664,3,1,0,1,2,1,0,0,0,1,0,1,0,0,0,1
176,3,3,1,0,0,3,0,0,0,1,1,0,0,0,0,0
841,2,0,0,1,1,1,0,0,0,1,0,1,0,0,0,0
678,3,1,6,1,4,4,0,0,0,1,0,0,1,0,0,0
163,3,0,0,1,1,1,0,0,0,1,0,1,0,0,0,0
248,1,1,1,1,4,4,4,0,0,1,0,1,0,0,0,1
570,2,0,0,1,5,1,0,0,0,1,0,1,0,0,0,1
787,3,4,1,1,0,3,0,0,1,0,1,0,0,0,0,0
74,3,0,0,1,3,4,0,0,0,1,0,1,0,0,0,1
113,3,1,0,1,2,1,0,0,0,1,0,0,0,1,0,0
635,2,0,0,1,3,2,0,0,0,1,0,0,0,1,0,1
501,3,0,0,1,2,0,0,0,1,0,0,0,0,1,0,0
104,3,2,0,1,4,1,0,0,0,1,0,1,0,0,0,0
114,3,0,0,1,1,2,0,1,0,0,0,0,0,1,0,0
368,3,0,0,0,2,0,0,0,1,0,0,0,0,1,0,1
92,1,1,0,1,4,4,3,0,0,1,0,1,0,0,0,0
497,3,0,0,0,3,2,0,0,0,1,0,1,0,0,0,0
89,3,0,0,1,2,1,0,0,0,1,0,1,0,0,0,0
336,1,1,0,1,3,4,5,0,0,1,0,1,0,0,0,0
879,1,0,1,1,5,4,5,1,0,0,0,0,1,0,0,1
817,2,1,1,1,3,3,0,1,0,0,0,1,0,0,0,0
828,3,0,0,0,3,0,0,0,1,0,0,1,0,0,0,1
543,2,1,0,1,3,3,0,0,0,1,0,1,0,0,0,1
548,3,1,1,1,3,2,0,0,0,1,0,1,0,0,0,0
94,3,0,0,1,5,0,0,0,0,1,0,1,0,0,0,0
11,1,0,0,1,5,3,5,0,0,1,0,0,0,1,0,1
431,3,1,0,0,4,2,0,0,0,1,0,0,1,0,0,1
43,2,1,2,1,0,4,0,1,0,0,0,0,0,1,0,1
42,3,0,0,0,3,1,0,1,0,0,0,1,0,0,0,0
329,1,0,1,1,1,4,6,1,0,0,0,0,0,1,0,1
167,3,1,4,1,4,3,0,0,0,1,0,0,1,0,0,0
779,1,0,1,1,4,5,6,0,0,1,0,0,1,0,0,1
537,1,0,0,1,3,5,0,1,0,0,0,0,0,1,0,1
735,3,0,0,0,3,2,0,0,0,1,0,1,0,0,0,0
499,3,0,0,1,2,0,0,0,0,1,0,1,0,0,0,0
178,2,0,0,1,3,2,0,0,0,1,0,1,0,0,0,0
583,1,0,0,1,4,3,7,1,0,0,0,1,0,0,0,0
784,3,0,0,1,3,0,0,0,0,1,0,1,0,0,0,0
593,3,0,2,0,2,0,0,0,1,0,0,0,0,1,0,0
177,1,0,0,1,5,3,5,1,0,0,0,0,0,1,0,0
644,3,2,1,1,0,2,0,1,0,0,0,0,0,1,0,1
710,1,0,0,1,2,4,5,1,0,0,0,0,0,1,0,1
615,2,1,2,1,2,4,0,0,0,1,0,0,0,1,0,1
383,1,1,0,1,4,4,0,0,0,1,0,0,1,0,0,1
257,1,0,0,1,3,4,6,0,0,1,0,0,0,1,0,1
734,2,0,0,1,2,2,0,0,0,1,0,1,0,0,0,0
335,3,0,0,0,3,1,0,0,0,1,0,1,0,0,0,0
551,2,0,0,1,3,3,0,0,0,1,0,1,0,0,0,0
15,2,0,0,1,5,2,0,0,0,1,0,0,1,0,0,1
3,1,1,0,1,4,4,5,0,0,1,0,0,1,0,0,1
411,3,0,0,0,3,0,0,0,1,0,0,1,0,0,0,0
256,1,0,0,0,4,4,0,1,0,0,0,0,1,0,0,1
451,3,1,0,0,3,2,0,0,0,1,0,1,0,0,0,0
473,2,0,0,1,2,2,4,1,0,0,0,0,1,0,0,1
697,3,0,0,0,2,0,0,0,1,0,0,0,0,1,0,1
393,1,1,0,1,2,5,4,1,0,0,0,0,0,1,0,1
222,3,0,0,1,5,1,0,0,0,1,0,1,0,0,0,0
506,2,0,2,1,3,3,0,0,0,1,0,0,1,0,0,1
567,3,0,4,1,3,2,0,0,0,1,0,0,1,0,0,0
420,3,0,0,0,3,1,0,1,0,0,0,1,0,0,0,0
324,3,8,2,0,3,4,0,0,0,1,0,1,0,0,0,0
530,2,1,1,1,0,3,0,0,0,1,0,0,0,1,0,1
9,2,1,0,1,1,3,0,1,0,0,0,0,1,0,0,1
249,2,1,0,1,5,3,0,0,0,1,0,0,0,0,1,0
22,3,0,0,1,1,1,0,0,1,0,0,0,0,1,0,1
356,1,0,1,1,2,4,3,0,0,1,0,0,0,1,0,1
221,2,0,0,1,3,2,0,0,0,1,0,1,0,0,0,0
601,3,0,0,0,3,1,0,0,0,1,0,1,0,0,0,0
766,1,0,0,0,4,3,0,1,0,0,0,0,0,0,1,0
874,2,1,0,1,3,3,0,1,0,0,0,0,1,0,0,1
528,3,0,0,1,4,1,0,0,0,1,0,1,0,0,0,0
340,2,1,1,1,0,3,2,0,0,1,1,0,0,0,0,1
743,3,1,0,1,2,2,0,0,0,1,0,1,0,0,0,0
519,3,0,0,1,3,1,0,0,0,1,0,1,0,0,0,0
203,3,0,0,0,4,0,0,1,0,0,0,1,0,0,0,0
237,2,0,2,1,0,3,0,0,0,1,0,0,0,1,0,1
93,3,1,2,1,3,2,0,0,0,1,0,1,0,0,0,0
730,1,0,0,1,3,5,6,0,0,1,0,0,0,1,0,1
440,2,1,1,1,4,3,0,0,0,1,0,0,1,0,0,1
559,3,1,0,1,4,2,0,0,0,1,0,0,1,0,0,1
284,1,0,0,0,3,3,7,0,0,1,0,1,0,0,0,0
184,3,0,2,1,0,2,0,0,0,1,0,0,0,1,0,1
791,2,0,0,1,1,3,0,0,0,1,0,1,0,0,0,0
487,1,0,0,1,5,3,6,1,0,0,0,1,0,0,0,0
153,3,0,2,0,4,2,0,0,0,1,0,1,0,0,0,0
75,3,0,0,1,3,0,2,0,0,1,0,1,0,0,0,0
656,3,0,0,0,3,1,0,0,0,1,0,1,0,0,0,0
631,3,0,0,1,5,0,0,0,0,1,0,1,0,0,0,0
277,2,0,0,0,3,2,0,0,0,1,0,1,0,0,0,0
68,3,4,2,1,1,1,0,0,0,1,0,0,0,1,0,1
825,3,0,0,0,3,0,0,0,1,0,0,1,0,0,0,0
188,3,1,1,1,4,2,0,0,1,0,0,1,0,0,0,0
271,3,0,0,1,3,0,0,0,0,1,0,1,0,0,0,1
662,1,0,0,1,4,3,3,0,0,1,0,1,0,0,0,0
711,1,0,0,0,3,3,5,0,0,1,0,1,0,0,0,0
236,2,1,0,1,4,3,0,0,0,1,0,1,0,0,0,0
88,1,3,2,1,2,5,5,0,0,1,0,0,0,1,0,1
757,2,0,0,1,2,2,0,0,0,1,0,1,0,0,0,0
117,2,1,0,1,3,2,0,0,0,1,0,1,0,0,0,0
125,3,1,0,1,1,2,0,1,0,0,1,0,0,0,0,1
731,3,0,0,1,0,2,0,1,0,0,0,1,0,0,0,0
289,3,0,0,1,2,0,0,0,1,0,0,0,0,1,0,1
238,2,0,0,1,2,1,0,0,0,1,0,1,0,0,0,0
0,3,1,0,1,2,0,0,0,0,1,0,1,0,0,0,0
881,3,0,0,1,3,1,0,0,0,1,0,1,0,0,0,0
467,1,0,0,1,5,3,0,0,0,1,0,1,0,0,0,0
827,2,0,2,1,0,3,0,1,0,0,1,0,0,0,0,1
395,3,0,0,1,2,0,0,0,0,1,0,1,0,0,0,0
531,3,0,0,0,3,0,0,1,0,0,0,1,0,0,0,0
126,3,0,0,0,3,0,0,0,1,0,0,1,0,0,0,0
278,3,4,1,1,0,3,0,0,1,0,1,0,0,0,0,0
691,3,0,1,1,0,2,0,1,0,0,0,0,0,1,0,1
116,3,0,0,0,5,0,0,0,1,0,0,1,0,0,0,0
228,2,0,0,1,2,2,0,0,0,1,0,1,0,0,0,0
622,3,1,1,1,2,2,0,1,0,0,0,1,0,0,0,1
655,2,2,0,1,2,4,0,0,0,1,0,1,0,0,0,0
598,3,0,0,0,3,0,0,1,0,0,0,1,0,0,0,0
516,2,0,0,1,3,1,2,0,0,1,0,0,1,0,0,1
274,3,0,0,0,2,0,0,0,1,0,0,0,0,1,0,1
318,1,0,2,1,3,5,5,0,0,1,0,0,0,1,0,1
606,3,0,0,1,3,1,0,0,0,1,0,1,0,0,0,0
144,2,0,0,1,2,2,0,0,0,1,0,1,0,0,0,0
634,3,3,2,1,0,3,0,0,0,1,0,0,0,1,0,0
558,1,1,1,1,4,4,3,0,0,1,0,0,1,0,0,1
809,1,1,0,1,3,4,3,0,0,1,0,0,1,0,0,1
745,1,1,1,1,5,4,6,0,0,1,0,0,0,0,1,0
369,1,0,0,1,2,4,6,1,0,0,0,0,1,0,0,1
268,1,0,1,1,5,5,5,0,0,1,0,0,1,0,0,1
623,3,0,0,1,2,1,0,0,0,1,0,1,0,0,0,0
307,1,1,0,1,1,5,5,1,0,0,0,0,1,0,0,1
423,3,1,1,1,3,2,0,0,0,1,0,0,1,0,0,0
310,1,0,0,1,2,4,5,1,0,0,0,0,0,1,0,1
354,3,0,0,0,3,0,0,1,0,0,0,1,0,0,0,0
46,3,1,0,0,3,2,0,0,1,0,0,1,0,0,0,0
349,3,0,0,1,4,1,0,0,0,1,0,1,0,0,0,0
371,3,1,0,1,2,0,0,0,0,1,0,1,0,0,0,0
479,3,0,1,1,0,2,0,0,0,1,0,0,0,1,0,1
576,2,0,0,1,3,2,0,0,0,1,0,0,0,1,0,1
261,3,4,2,1,0,3,0,0,0,1,1,0,0,0,0,1
195,1,0,0,1,5,5,6,1,0,0,0,0,0,1,0,1
890,3,0,0,1,3,0,0,0,1,0,0,1,0,0,0,0
744,3,0,0,1,3,1,0,0,0,1,0,1,0,0,0,1
107,3,0,0,0,3,0,0,0,0,1,0,1,0,0,0,1
866,2,1,0,1,3,2,0,1,0,0,0,0,0,1,0,1
59,3,5,2,1,0,4,0,0,0,1,1,0,0,0,0,0
658,2,0,0,1,2,2,0,0,0,1,0,1,0,0,0,0
263,1,0,0,1,4,4,6,0,0,1,0,1,0,0,0,0
568,3,0,0,0,3,0,0,1,0,0,0,1,0,0,0,0
100,3,0,0,1,3,1,0,0,0,1,0,0,0,1,0,0
443,2,0,0,1,3,2,0,0,0,1,0,0,0,1,0,1
490,3,1,0,0,3,2,0,0,0,1,0,1,0,0,0,0
687,3,0,0,1,2,1,0,0,0,1,0,1,0,0,0,0
799,3,1,1,1,3,3,0,0,0,1,0,0,1,0,0,0
640,3,0,0,1,2,1,0,0,0,1,0,1,0,0,0,0
169,3,0,0,1,3,4,0,0,0,1,0,1,0,0,0,0
179,3,0,0,1,4,0,0,0,0,1,0,1,0,0,0,0
304,3,0,0,0,3,1,0,0,0,1,0,1,0,0,0,0
341,1,3,2,1,2,5,5,0,0,1,0,0,0,1,0,1
57,3,0,0,0,3,0,0,1,0,0,0,1,0,0,0,0
858,3,0,3,1,2,2,0,1,0,0,0,0,1,0,0,1
149,2,0,0,1,4,2,0,0,0,1,0,0,0,0,1,0
124,1,0,1,1,5,4,4,0,0,1,0,1,0,0,0,0
703,3,0,0,1,3,0,0,0,1,0,0,1,0,0,0,0
50,3,4,1,1,0,3,0,0,0,1,1,0,0,0,0,0
353,3,1,0,1,3,2,0,0,0,1,0,1,0,0,0,0
823,3,0,1,1,3,2,3,0,0,1,0,0,1,0,0,1
142,3,1,0,1,2,2,0,0,0,1,0,0,1,0,0,1
470,3,0,0,0,3,0,0,0,0,1,0,1,0,0,0,0
399,2,0,0,1,3,2,0,0,0,1,0,0,1,0,0,1
575,3,0,0,1,2,2,0,0,0,1,0,1,0,0,0,0
320,3,0,0,1,2,0,0,0,0,1,0,1,0,0,0,0
19,3,0,0,0,4,0,0,1,0,0,0,0,1,0,0,1
792,3,8,2,0,2,4,0,0,0,1,0,0,0,1,0,0
707,1,0,0,1,4,3,3,0,0,1,0,1,0,0,0,1
723,2,0,0,1,5,2,0,0,0,1,0,1,0,0,0,0
407,2,1,1,1,0,2,0,0,0,1,1,0,0,0,0,1
557,1,0,0,0,3,5,0,1,0,0,0,1,0,0,0,0
38,3,2,0,1,2,2,0,0,0,1,0,0,0,1,0,0
175,3,1,1,1,2,1,0,0,0,1,0,1,0,0,0,0
245,1,2,0,1,4,4,5,0,1,0,0,0,0,0,1,0
740,1,0,0,0,3,3,4,0,0,1,0,1,0,0,0,1
602,1,0,0,0,3,4,0,0,0,1,0,1,0,0,0,0
768,3,1,0,0,3,3,0,0,1,0,0,1,0,0,0,0
764,3,0,0,1,1,0,0,0,0,1,0,1,0,0,0,0
154,3,0,0,0,3,0,0,0,0,1,0,1,0,0,0,0
287,3,0,0,1,2,1,0,0,0,1,0,1,0,0,0,0
750,2,1,1,1,0,2,0,0,0,1,0,0,0,1,0,1
17,2,0,0,0,3,2,0,0,0,1,0,1,0,0,0,1
127,3,0,0,1,2,0,0,0,0,1,0,1,0,0,0,1
322,2,0,0,1,3,2,0,0,1,0,0,0,0,1,0,1
255,3,0,2,1,3,2,0,1,0,0,0,0,1,0,0,1
770,3,0,0,1,2,1,0,0,0,1,0,1,0,0,0,0
856,1,1,1,1,4,5,0,0,0,1,0,0,1,0,0,1
190,2,0,0,1,3,2,0,0,0,1,0,0,1,0,0,1
115,3,0,0,1,2,1,0,0,0,1,0,1,0,0,0,0
737,1,0,0,1,4,5,6,1,0,0,0,1,0,0,0,1
180,3,8,2,0,2,4,0,0,0,1,0,0,0,1,0,0
301,3,2,0,0,3,3,0,0,1,0,0,1,0,0,0,1
679,1,0,1,1,4,5,6,1,0,0,0,1,0,0,0,1
638,3,0,5,1,4,3,0,0,0,1,0,0,1,0,0,0
649,3,0,0,1,2,0,0,0,0,1,0,0,0,1,0,1
616,3,1,1,1,3,2,0,0,0,1,0,1,0,0,0,0
596,2,0,0,0,2,3,0,0,0,1,0,0,0,1,0,1
517,3,0,0,0,3,3,0,0,1,0,0,1,0,0,0,0
875,3,0,0,1,1,0,0,1,0,0,0,0,0,1,0,1
45,3,0,0,0,3,1,0,0,0,1,0,1,0,0,0,0
807,3,0,0,1,2,0,0,0,0,1,0,0,0,1,0,0
157,3,0,0,1,3,1,0,0,0,1,0,1,0,0,0,0
665,2,2,0,1,3,4,0,0,0,1,0,1,0,0,0,0
171,3,4,1,1,0,3,0,0,1,0,1,0,0,0,0,0
16,3,4,1,1,0,3,0,0,1,0,1,0,0,0,0,0
511,3,0,0,0,3,1,0,0,0,1,0,1,0,0,0,0
48,3,2,0,0,3,2,0,1,0,0,0,1,0,0,0,0
862,1,0,0,1,4,3,4,0,0,1,0,0,1,0,0,1
749,3,0,0,1,3,0,0,0,1,0,0,1,0,0,0,0
515,1,0,0,1,4,3,4,0,0,1,0,1,0,0,0,0
617,3,1,0,1,3,2,0,0,0,1,0,0,1,0,0,0
480,3,5,2,1,0,4,0,0,0,1,1,0,0,0,0,0
283,3,0,0,1,2,1,0,0,0,1,0,1,0,0,0,1
589,3,0,0,0,3,1,0,0,0,1,0,1,0,0,0,0
225,3,0,0,1,2,1,0,0,0,1,0,1,0,0,0,0
26,3,0,0,0,3,0,0,1,0,0,0,1,0,0,0,0
848,2,0,1,1,3,3,0,0,0,1,0,0,0,0,1,0
437,2,2,3,1,2,2,0,0,0,1,0,0,1,0,0,1
844,3,0,0,1,1,1,0,0,0,1,0,1,0,0,0,0
364,3,1,0,0,3,2,0,0,1,0,0,1,0,0,0,0
229,3,3,1,0,2,3,0,0,0,1,0,0,0,1,0,0
37,3,0,0,1,2,1,0,0,0,1,0,1,0,0,0,0
857,1,0,0,1,5,3,3,0,0,1,0,1,0,0,0,1
374,3,3,1,1,0,2,0,0,0,1,0,0,0,1,0,0
469,3,2,1,1,0,2,0,1,0,0,0,0,0,1,0,1
859,3,0,0,0,3,0,0,1,0,0,0,1,0,0,0,0
758,3,0,0,1,3,1,0,0,0,1,0,1,0,0,0,0
651,2,0,1,1,2,2,0,0,0,1,0,0,0,1,0,1
194,1,0,0,1,4,3,6,1,0,0,0,0,1,0,0,1
760,3,0,0,0,3,2,0,0,0,1,0,1,0,0,0,0
868,3,0,0,0,3,1,0,0,0,1,0,1,0,0,0,0
503,3,0,0,1,4,1,0,0,0,1,0,0,0,1,0,0
861,2,1,0,1,2,2,0,0,0,1,0,1,0,0,0,0
741,1,1,0,1,4,4,5,0,0,1,0,1,0,0,0,0
579,3,0,0,1,3,1,0,0,0,1,0,1,0,0,0,1
888,3,1,2,0,2,3,0,0,0,1,0,0,0,1,0,0
162,3,0,0,1,3,0,0,0,0,1,0,1,0,0,0,0
630,1,0,0,1,5,3,7,0,0,1,0,1,0,0,0,1
152,3,0,0,0,5,1,0,0,0,1,0,1,0,0,0,0
684,2,1,1,1,5,3,0,0,0,1,0,1,0,0,0,0
629,3,0,0,0,3,0,0,0,1,0,0,1,0,0,0,0
675,3,0,0,1,2,0,0,0,0,1,0,1,0,0,0,0
111,3,1,0,0,1,2,0,1,0,0,0,0,0,1,0,0
226,2,0,0,1,2,1,0,0,0,1,0,1,0,0,0,1
618,2,2,1,1,0,3,2,0,0,1,0,0,0,1,0,1
103,3,0,0,1,3,1,0,0,0,1,0,1,0,0,0,0
421,3,0,0,1,2,0,0,0,1,0,0,1,0,0,0,0
419,3,0,2,1,0,3,0,0,0,1,0,0,0,1,0,0
586,2,0,0,1,4,2,0,0,0,1,0,1,0,0,0,0
119,3,4,2,1,0,3,0,0,0,1,0,0,0,1,0,0
53,2,1,0,1,3,3,0,0,0,1,0,0,1,0,0,1
151,1,1,0,1,2,4,5,0,0,1,0,0,1,0,0,1
403,3,1,0,1,3,2,0,0,0,1,0,1,0,0,0,0
839,1,0,0,0,3,3,5,1,0,0,0,1,0,0,0,1
207,3,0,0,1,3,2,0,1,0,0,0,1,0,0,0,1
752,3,0,0,1,3,1,0,0,0,1,0,1,0,0,0,0
717,2,0,0,1,3,1,3,0,0,1,0,0,0,1,0,1
8,3,0,2,1,3,2,0,0,0,1,0,0,1,0,0,1
722,2,0,0,1,3,2,0,0,0,1,0,1,0,0,0,0
36,3,0,0,0,3,0,0,1,0,0,0,1,0,0,0,1
452,1,0,0,1,3,3,5,1,0,0,0,1,0,0,0,0
253,3,1,0,1,3,2,0,0,0,1,0,1,0,0,0,0
303,2,0,0,0,2,2,3,0,1,0,0,0,0,1,0,1
667,3,0,0,0,3,0,0,0,0,1,0,1,0,0,0,0
571,1,2,0,1,5,4,5,0,0,1,0,0,1,0,0,1
636,3,0,0,1,3,1,0,0,0,1,0,1,0,0,0,0
714,2,0,0,1,5,2,0,0,0,1,0,1,0,0,0,0
262,1,1,1,1,5,4,3,0,0,1,0,1,0,0,0,0
610,3,1,5,1,4,3,0,0,0,1,0,0,1,0,0,0
297,1,1,2,1,0,5,5,0,0,1,0,0,0,1,0,0
414,3,0,0,1,4,1,0,0,0,1,0,1,0,0,0,1
150,2,0,0,1,5,2,0,0,0,1,0,0,0,0,1,0
705,2,0,0,1,4,3,0,0,0,1,0,1,0,0,0,0
789,1,0,0,1,4,4,6,1,0,0,0,1,0,0,0,0
550,1,0,2,1,1,5,5,1,0,0,0,1,0,0,0,1
488,3,0,0,1,3,1,0,0,0,1,0,1,0,0,0,0
147,3,2,2,1,0,3,0,0,0,1,0,0,0,1,0,0
146,3,0,0,1,3,0,0,0,0,1,0,1,0,0,0,1
836,3,0,0,1,2,1,0,0,0,1,0,1,0,0,0,0
826,3,0,0,0,3,4,0,0,0,1,0,1,0,0,0,0
870,3,0,0,1,3,1,0,0,0,1,0,1,0,0,0,0
348,3,1,1,1,0,2,0,0,0,1,1,0,0,0,0,1
463,2,0,0,1,4,2,0,0,0,1,0,1,0,0,0,0
325,1,0,0,1,4,5,5,1,0,0,0,0,0,1,0,1
186,3,1,0,0,4,2,0,0,1,0,0,0,1,0,0,1
123,2,0,0,0,3,2,3,0,0,1,0,0,0,1,0,1
759,1,0,0,1,3,4,6,0,0,1,0,0,0,1,0,1
608,2,1,2,1,2,4,0,1,0,0,0,0,1,0,0,1
143,3,0,0,1,2,0,0,0,1,0,0,1,0,0,0,0
851,3,0,0,1,5,0,0,0,0,1,0,1,0,0,0,0
197,3,0,1,1,4,1,0,0,0,1,0,1,0,0,0,0
609,1,0,0,1,4,5,5,0,0,1,0,0,0,1,0,1
279,3,1,1,1,4,2,0,0,0,1,0,0,1,0,0,1
293,3,0,0,1,2,1,0,0,0,1,0,0,0,1,0,0
400,3,0,0,1,4,1,0,0,0,1,0,1,0,0,0,1
122,2,1,0,0,3,3,0,1,0,0,0,1,0,0,0,0
183,2,2,1,1,0,3,2,0,0,1,1,0,0,0,0,1
202,3,0,0,1,3,0,0,0,0,1,0,1,0,0,0,0
438,1,1,4,1,5,5,5,0,0,1,0,1,0,0,0,0
246,3,0,0,1,3,0,0,0,0,1,0,0,0,1,0,0
415,3,0,0,0,4,1,0,0,0,1,0,0,1,0,0,0
788,3,1,2,1,0,2,0,0,0,1,1,0,0,0,0,1
129,3,0,0,1,4,0,0,0,0,1,0,1,0,0,0,0
637,2,1,1,1,3,3,0,0,0,1,0,1,0,0,0,0
402,3,1,0,1,2,1,0,0,0,1,0,0,0,1,0,0
794,3,0,0,1,3,1,0,0,0,1,0,1,0,0,0,0
689,1,0,1,1,1,5,6,0,0,1,0,0,0,1,0,1
810,3,0,0,1,3,1,0,0,0,1,0,1,0,0,0,0
219,2,0,0,1,3,1,0,0,0,1,0,1,0,0,0,0
641,1,0,0,1,2,4,6,1,0,0,0,0,0,1,0,1
812,2,0,0,1,4,1,0,0,0,1,0,1,0,0,0,0
672,2,0,0,1,5,1,0,0,0,1,0,1,0,0,0,0
815,1,0,0,0,3,4,6,0,0,1,0,1,0,0,0,0
624,3,0,0,1,2,2,0,0,0,1,0,1,0,0,0,0
855,3,0,1,1,2,1,0,0,0,1,0,0,1,0,0,1
680,3,0,0,0,2,1,0,0,1,0,0,0,0,1,0,0
386,3,5,2,1,0,4,0,0,0,1,1,0,0,0,0,0
863,3,8,2,0,2,4,0,0,0,1,0,0,0,1,0,0
509,3,0,0,1,3,4,0,0,0,1,0,1,0,0,0,1
267,3,1,0,1,3,0,0,0,0,1,0,1,0,0,0,1
732,2,0,0,0,3,2,0,0,0,1,0,1,0,0,0,0
441,3,0,0,1,2,1,0,0,0,1,0,1,0,0,0,0
496,1,1,0,1,5,4,4,1,0,0,0,0,0,1,0,1
112,3,0,0,1,2,1,0,0,0,1,0,1,0,0,0,0
232,2,0,0,1,5,2,0,0,0,1,0,1,0,0,0,0
774,2,1,3,1,5,2,0,0,0,1,0,0,1,0,0,1
607,1,0,0,1,3,3,0,0,0,1,0,1,0,0,0,1
671,1,1,0,1,3,4,6,0,0,1,0,1,0,0,0,0
373,1,0,0,1,2,5,0,1,0,0,0,1,0,0,0,0
872,1,0,0,1,3,0,6,0,0,1,0,1,0,0,0,0
751,3,0,1,1,0,2,3,0,0,1,1,0,0,0,0,1
233,3,4,2,1,0,3,0,0,0,1,0,0,0,1,0,1
806,1,0,0,1,4,4,7,0,0,1,0,1,0,0,0,0
676,3,0,0,0,2,1,0,0,0,1,0,1,0,0,0,0
317,2,0,0,1,5,2,0,0,0,1,0,0,0,0,1,0
648,3,0,0,0,3,0,0,0,0,1,0,1,0,0,0,0
410,3,0,0,0,3,1,0,0,0,1,0,1,0,0,0,0
798,3,0,0,1,3,0,0,1,0,0,0,1,0,0,0,0
358,3,0,0,0,2,1,0,0,1,0,0,0,0,1,0,1
258,1,0,0,1,4,5,0,1,0,0,0,0,0,1,0,1
627,1,0,0,1,2,4,4,0,0,1,0,0,0,1,0,1
632,1,0,0,1,3,3,6,1,0,0,0,0,0,0,1,1
282,3,0,0,1,1,1,0,0,0,1,0,1,0,0,0,0
376,3,0,0,1,2,0,0,0,0,1,0,0,0,1,0,1
384,3,0,0,0,3,1,0,0,0,1,0,1,0,0,0,0
224,1,1,0,1,4,4,5,0,0,1,0,1,0,0,0,1
846,3,8,2,0,3,4,0,0,0,1,0,1,0,0,0,0
728,2,1,0,1,3,3,0,0,0,1,0,1,0,0,0,0
472,2,1,2,1,3,3,0,0,0,1,0,0,1,0,0,1
347,3,1,0,0,4,2,0,0,0,1,0,0,1,0,0,1
505,1,1,0,1,2,5,5,1,0,0,0,1,0,0,0,0
639,3,1,0,0,3,2,0,0,0,1,0,1,0,0,0,0
878,3,0,0,0,3,1,0,0,0,1,0,1,0,0,0,0
824,3,4,1,1,0,3,0,0,0,1,1,0,0,0,0,0
803,3,0,1,1,0,1,0,1,0,0,1,0,0,0,0,1
619,2,0,0,1,3,1,0,0,0,1,0,1,0,0,0,0
761,3,0,0,1,4,0,0,0,0,1,0,1,0,0,0,0
645,1,1,0,1,4,4,4,1,0,0,0,1,0,0,0,1
754,2,1,2,1,4,4,0,0,0,1,0,0,1,0,0,1
556,1,1,0,1,4,3,7,1,0,0,0,0,0,0,1,1
850,3,4,2,1,0,3,0,0,0,1,1,0,0,0,0,0
577,1,1,0,1,4,4,3,0,0,1,0,0,1,0,0,1
85,3,3,0,1,3,2,0,0,0,1,0,0,1,0,0,1
242,2,0,0,1,3,1,0,0,0,1,0,1,0,0,0,0
698,1,1,1,1,4,5,5,1,0,0,0,1,0,0,0,0
159,3,8,2,0,0,4,0,0,0,1,1,0,0,0,0,0
524,3,0,0,0,3,0,0,1,0,0,0,1,0,0,0,0
35,1,1,0,1,4,4,0,0,0,1,0,1,0,0,0,0
540,1,0,2,1,4,4,6,0,0,1,0,0,0,1,0,1
170,1,0,0,1,5,3,6,0,0,1,0,1,0,0,0,0
654,3,0,0,1,2,0,0,0,1,0,0,0,0,1,0,0
786,3,0,0,1,2,0,0,0,0,1,0,0,0,1,0,1
755,2,1,1,1,0,2,0,0,0,1,1,0,0,0,0,1
838,3,0,0,1,3,4,0,0,0,1,0,1,0,0,0,1
95,3,0,0,0,3,1,0,0,0,1,0,1,0,0,0,0
563,3,0,0,0,3,1,0,0,0,1,0,1,0,0,0,0
240,3,1,0,0,2,2,0,1,0,0,0,0,0,1,0,0
574,3,0,0,1,1,1,0,0,0,1,0,1,0,0,0,0
690,1,1,0,1,3,4,6,0,0,1,0,1,0,0,0,1
460,1,0,0,1,4,3,3,0,0,1,0,1,0,0,0,1
553,3,0,0,1,2,0,0,1,0,0,0,1,0,0,0,1
780,3,0,0,1,1,0,0,1,0,0,0,0,0,1,0,1
206,3,1,0,1,3,2,0,0,0,1,0,1,0,0,0,0
392,3,2,0,1,3,1,0,0,0,1,0,1,0,0,0,0
397,2,0,0,1,4,3,0,0,0,1,0,1,0,0,0,0
756,3,0,0,1,3,0,0,0,0,1,0,1,0,0,0,0
217,2,1,0,1,4,3,0,0,0,1,0,1,0,0,0,0
4,3,0,0,1,4,1,0,0,0,1,0,1,0,0,0,0
642,3,3,2,1,0,3,0,0,0,1,0,0,0,1,0,0
797,3,0,0,1,3,1,0,0,0,1,0,0,1,0,0,1
612,3,1,0,0,2,2,0,0,1,0,0,0,0,1,0,1
738,3,0,0,0,3,1,0,0,0,1,0,1,0,0,0,0
546,2,1,0,1,2,3,0,0,0,1,0,0,1,0,0,1
725,3,0,0,1,2,1,0,0,0,1,0,1,0,0,0,0
683,3,5,2,1,1,4,0,0,0,1,0,1,0,0,0,0
98,2,0,1,1,3,2,0,0,0,1,0,0,1,0,0,1
727,3,0,0,0,2,0,0,0,1,0,0,0,0,1,0,1
573,3,0,0,0,2,0,0,0,1,0,0,0,0,1,0,1
406,3,0,0,1,5,0,0,0,0,1,0,1,0,0,0,0
502,3,0,0,0,2,0,0,0,1,0,0,0,0,1,0,0
47,3,0,0,0,2,0,0,0,1,0,0,0,0,1,0,1
32,3,0,0,0,2,0,0,0,1,0,0,0,0,1,0,1
200,3,0,0,1,3,1,0,0,0,1,0,1,0,0,0,0
134,2,0,0,1,3,2,0,0,0,1,0,1,0,0,0,0
27,1,3,2,1,2,5,5,0,0,1,0,1,0,0,0,0
847,3,0,0,1,4,1,0,1,0,0,0,1,0,0,0,0
230,1,1,0,1,4,4,5,0,0,1,0,0,1,0,0,1
489,3,1,1,1,0,2,0,0,0,1,1,0,0,0,0,1
378,3,0,0,1,2,0,0,1,0,0,0,1,0,0,0,0
288,2,0,0,1,4,2,0,0,0,1,0,1,0,0,0,1
418,2,0,0,1,3,2,0,0,0,1,0,1,0,0,0,0
674,2,0,0,0,3,2,0,0,0,1,0,1,0,0,0,0
391,3,0,0,1,2,0,0,0,0,1,0,1,0,0,0,1
592,3,0,0,1,4,0,0,0,0,1,0,1,0,0,0,0
498,1,1,2,1,3,5,5,0,0,1,0,0,1,0,0,0
138,3,0,0,1,1,1,0,0,0,1,0,1,0,0,0,0
62,1,1,0,1,4,4,5,0,0,1,0,1,0,0,0,0
471,3,0,0,1,4,1,0,0,0,1,0,1,0,0,0,0
647,1,0,0,1,5,3,7,1,0,0,0,0,0,0,1,1
128,3,1,1,0,2,2,2,1,0,0,0,0,0,1,0,1
867,1,0,0,1,3,4,7,0,0,1,0,1,0,0,0,0
520,1,0,0,1,3,4,6,0,0,1,0,0,0,1,0,1
64,1,0,0,0,3,3,0,1,0,0,0,1,0,0,0,0
14,3,0,0,1,1,1,0,0,0,1,0,0,0,1,0,0
156,3,0,0,1,1,0,0,0,1,0,0,0,0,1,0,1
40,3,1,0,1,4,1,0,0,0,1,0,0,1,0,0,0
492,1,0,0,1,5,3,5,0,0,1,0,1,0,0,0,0
379,3,0,0,1,2,0,0,0,0,1,0,1,0,0,0,0
187,1,0,0,1,4,3,0,0,0,1,0,1,0,0,0,1
763,1,1,2,1,4,5,6,0,0,1,0,0,1,0,0,1
216,3,0,0,1,3,1,0,0,0,1,0,0,0,1,0,1
52,1,1,0,1,4,4,4,1,0,0,0,0,1,0,0,1
337,1,0,0,1,4,5,3,1,0,0,0,0,0,1,0,1
748,1,1,0,1,2,4,4,0,0,1,0,1,0,0,0,0
719,3,0,0,1,3,0,0,0,0,1,0,1,0,0,0,0
724,1,1,0,1,3,4,3,0,0,1,0,1,0,0,0,1
295,1,0,0,0,3,3,0,1,0,0,0,1,0,0,0,0
701,1,0,0,1,4,3,3,0,0,1,0,1,0,0,0,1
251,3,1,1,1,3,1,1,0,0,1,0,0,1,0,0,0
726,2,3,0,1,3,2,0,0,0,1,0,0,1,0,0,1
461,3,0,0,1,3,1,0,0,0,1,0,1,0,0,0,0
455,3,0,0,1,3,1,0,1,0,0,0,1,0,0,0,1
887,1,0,0,1,2,3,6,0,0,1,0,0,0,1,0,1
269,1,0,0,1,4,5,5,0,0,1,0,0,0,1,0,1
201,3,8,2,0,3,4,0,0,0,1,0,1,0,0,0,0
161,2,0,0,1,4,2,0,0,0,1,0,0,1,0,0,1
555,1,0,0,1,5,3,0,0,0,1,0,1,0,0,0,0
729,3,1,0,1,3,1,0,0,0,1,0,0,0,1,0,0
401,3,0,0,1,3,1,0,0,0,1,0,1,0,0,0,0
702,3,0,1,1,2,2,0,1,0,0,0,0,0,1,0,0
476,2,1,0,1,3,2,0,0,0,1,0,1,0,0,0,0
771,3,0,0,1,4,1,0,0,0,1,0,1,0,0,0,0
105,3,0,0,1,3,1,0,0,0,1,0,1,0,0,0,0
565,3,2,0,1,2,3,0,0,0,1,0,1,0,0,0,0
389,2,0,0,1,1,2,0,1,0,0,0,0,0,1,0,1
1,1,1,0,1,4,4,5,1,0,0,0,0,1,0,0,1
832,3,0,0,0,3,0,0,1,0,0,0,1,0,0,0,0
561,3,0,0,1,4,1,0,0,0,1,0,1,0,0,0,0
80,3,0,0,1,2,1,0,0,0,1,0,1,0,0,0,0
205,3,0,1,1,0,1,1,0,0,1,0,0,0,1,0,0
34,1,1,0,1,3,4,0,1,0,0,0,1,0,0,0,0
775,3,0,0,1,2,0,0,0,0,1,0,1,0,0,0,0
508,3,0,0,1,3,2,0,0,0,1,0,1,0,0,0,0
427,2,0,0,1,2,3,0,0,0,1,0,0,0,1,0,1
454,3,0,0,0,3,1,0,0,0,1,0,1,0,0,0,0
366,1,1,0,1,5,4,4,1,0,0,0,0,1,0,0,1
91,3,0,0,1,2,1,0,0,0,1,0,1,0,0,0,0
339,1,0,0,1,4,3,8,0,0,1,0,1,0,0,0,0
564,3,0,0,0,2,1,0,0,0,1,0,0,0,1,0,0
345,2,0,0,1,2,2,2,0,0,1,0,0,0,1,0,1
776,3,0,0,0,3,0,2,0,1,0,0,1,0,0,0,0
241,3,1,0,0,2,2,0,0,1,0,0,0,0,1,0,1
13,3,1,5,1,4,3,0,0,0,1,0,1,0,0,0,0
315,3,0,0,1,3,1,0,0,0,1,0,0,0,1,0,1
600,2,2,1,1,2,3,0,0,0,1,0,0,1,0,0,1
387,2,0,0,1,4,2,0,0,0,1,0,0,0,1,0,1
273,1,0,1,1,4,3,5,1,0,0,0,1,0,0,0,0
166,1,0,1,0,4,4,3,0,0,1,0,0,1,0,0,1
883,2,0,0,1,3,1,0,0,0,1,0,1,0,0,0,0
646,3,0,0,1,2,1,0,0,0,1,0,1,0,0,0,0
818,3,0,0,1,4,0,0,0,0,1,0,1,0,0,0,0
484,1,1,0,1,3,4,6,1,0,0,0,1,0,0,0,1
873,3,0,0,1,4,1,0,0,0,1,0,1,0,0,0,0
504,1,0,0,1,1,4,6,0,0,1,0,0,0,1,0,1
831,2,1,1,1,0,2,0,0,0,1,1,0,0,0,0,1
243,3,0,0,1,2,0,0,0,0,1,0,1,0,0,0,0
566,3,0,0,1,2,1,0,0,0,1,0,1,0,0,0,0
562,2,0,0,1,3,2,0,0,0,1,0,1,0,0,0,0
686,3,4,1,1,1,3,0,0,0,1,0,1,0,0,0,0
189,3,0,0,1,4,1,0,0,0,1,0,1,0,0,0,0
782,1,0,0,1,3,3,4,0,0,1,0,1,0,0,0,0
699,3,0,0,1,4,0,2,0,0,1,0,1,0,0,0,0
475,1,0,0,0,3,4,7,0,0,1,0,1,0,0,0,0
681,1,0,0,1,3,4,4,1,0,0,0,1,0,0,0,1
510,3,0,0,1,3,0,0,0,1,0,0,1,0,0,0,1
58,2,1,2,1,0,3,0,0,0,1,0,0,0,1,0,1
474,3,0,0,1,2,1,0,0,0,1,0,0,0,1,0,0
560,3,0,0,0,3,0,0,0,1,0,0,1,0,0,0,0
747,2,0,0,1,3,2,0,0,0,1,0,0,0,1,0,1
252,1,0,0,1,5,3,5,0,0,1,0,1,0,0,0,0
21,2,0,0,1,3,2,4,0,0,1,0,1,0,0,0,1
313,3,0,0,1,3,1,0,0,0,1,0,1,0,0,0,0
459,3,0,0,0,3,0,0,0,1,0,0,1,0,0,0,0
160,3,0,1,1,4,2,0,0,0,1,0,1,0,0,0,0
276,3,0,0,1,4,0,0,0,0,1,0,0,0,1,0,0
191,2,0,0,1,2,2,0,0,0,1,0,1,0,0,0,0
385,2,0,0,1,2,4,0,0,0,1,0,1,0,0,0,0
805,3,0,0,1,3,0,0,0,0,1,0,1,0,0,0,0
413,2,0,0,0,3,2,0,0,0,1,0,1,0,0,0,0
491,3,0,0,1,2,0,0,0,0,1,0,1,0,0,0,0
343,2,0,0,1,3,2,0,0,0,1,0,1,0,0,0,0
769,3,0,0,1,3,1,0,0,0,1,0,1,0,0,0,0
308,2,1,0,1,3,3,0,1,0,0,0,1,0,0,0,0
661,3,0,0,1,4,0,0,1,0,0,0,1,0,0,0,0
130,3,0,0,1,3,1,0,1,0,0,0,1,0,0,0,0
663,3,0,0,1,4,0,0,0,0,1,0,1,0,0,0,0
871,1,1,1,1,4,4,4,0,0,1,0,0,1,0,0,1
99,2,1,0,1,3,3,0,0,0,1,0,1,0,0,0,0
372,3,0,0,1,2,1,0,0,0,1,0,1,0,0,0,0
87,3,0,0,0,3,1,0,0,0,1,0,1,0,0,0,0
458,2,0,0,1,5,1,0,0,0,1,0,0,0,1,0,1
330,3,2,0,0,2,3,0,0,1,0,0,0,0,1,0,1
214,3,1,0,0,3,0,0,0,1,0,0,1,0,0,0,0
466,2,0,0,0,3,2,0,0,0,1,0,1,0,0,0,0
121,3,0,0,0,3,1,0,0,0,1,0,1,0,0,0,0
614,3,0,0,1,4,1,0,0,0,1,0,1,0,0,0,0
20,2,0,0,1,4,3,0,0,0,1,0,1,0,0,0,0
700,1,1,0,1,2,5,5,1,0,0,0,0,1,0,0,1
71,3,5,2,1,1,4,0,0,0,1,0,0,0,1,0,0
106,3,0,0,1,2,0,0,0,0,1,0,0,0,1,0,1
270,1,0,0,0,3,3,0,0,0,1,0,1,0,0,0,0
860,3,2,0,1,4,2,0,0,0,1,0,1,0,0,0,0
435,1,1,2,1,1,5,6,0,0,1,0,0,0,1,0,1
102,1,0,1,1,2,4,4,0,0,1,0,1,0,0,0,0
