,Pclass,Sex,Age,SibSp,Parch,Fare,Age_true,AgeGroup,Familysize,Ticketsize,FareGroup,CabinLvl,Embarked_C,Embarked_Q,Embarked_S,Title_Master,Title_Mr,Title_Mrs,Title_Ms,Title_Noble,Survived
445,1,1.0,4.0,0,2,81.8583,1.0,0.0,2,1,4.0,7.0,0.0,0.0,1.0,1.0,0.0,0.0,0.0,0.0,1
650,3,1.0,32.0,0,0,7.8958,0.0,3.0,0,1,1.0,0.0,0.0,0.0,1.0,0.0,1.0,0.0,0.0,0.0,0
172,3,0.0,1.0,1,1,11.1333,1.0,0.0,2,3,2.0,0.0,0.0,0.0,1.0,0.0,0.0,0.0,1.0,0.0,1
450,2,1.0,36.0,1,2,27.75,1.0,4.0,3,3,3.0,0.0,0.0,0.0,1.0,0.0,1.0,0.0,0.0,0.0,0
314,2,1.0,43.0,1,1,26.25,1.0,4.0,2,3,3.0,0.0,0.0,0.0,1.0,0.0,1.0,0.0,0.0,0.0,0
332,1,1.0,38.0,0,1,153.4625,1.0,4.0,1,3,5.0,5.0,0.0,0.0,1.0,0.0,1.0,0.0,0.0,0.0,0
801,2,0.0,31.0,1,1,26.25,1.0,3.0,2,3,3.0,0.0,0.0,0.0,1.0,0.0,0.0,1.0,0.0,0.0,1
90,3,1.0,29.0,0,0,8.05,1.0,3.0,0,1,1.0,0.0,0.0,0.0,1.0,0.0,1.0,0.0,0.0,0.0,0
834,3,1.0,18.0,0,0,8.3,1.0,2.0,0,1,1.0,0.0,0.0,0.0,1.0,0.0,1.0,0.0,0.0,0.0,0
181,2,1.0,32.0,0,0,15.05,0.0,3.0,0,1,2.0,0.0,1.0,0.0,0.0,0.0,1.0,0.0,0.0,0.0,0
581,1,0.0,39.0,1,1,110.8833,1.0,4.0,2,4,5.0,5.0,1.0,0.0,0.0,0.0,0.0,1.0,0.0,0.0,1
795,2,1.0,39.0,0,0,13.0,1.0,4.0,0,1,2.0,0.0,0.0,0.0,1.0,0.0,1.0,0.0,0.0,0.0,0
69,3,1.0,26.0,2,0,8.6625,1.0,3.0,2,1,1.0,0.0,0.0,0.0,1.0,0.0,1.0,0.0,0.0,0.0,0
131,3,1.0,20.0,0,0,7.05,1.0,2.0,0,1,0.0,0.0,0.0,0.0,1.0,0.0,1.0,0.0,0.0,0.0,0
334,1,0.0,35.0,1,0,133.65,0.0,4.0,1,2,5.0,0.0,0.0,0.0,1.0,0.0,0.0,1.0,0.0,0.0,1
597,3,1.0,49.0,0,0,0.0,1.0,4.0,0,1,0.0,0.0,0.0,0.0,1.0,0.0,1.0,0.0,0.0,0.0,0
135,2,1.0,23.0,0,0,15.0458,1.0,2.0,0,1,2.0,0.0,1.0,0.0,0.0,0.0,1.0,0.0,0.0,0.0,0
164,3,1.0,1.0,4,1,39.6875,1.0,0.0,5,6,3.0,0.0,0.0,0.0,1.0,1.0,0.0,0.0,0.0,0.0,0
28,3,0.0,22.0,0,0,7.8792,0.0,2.0,0,1,1.0,0.0,0.0,1.0,0.0,0.0,0.0,0.0,1.0,0.0,1
783,3,1.0,32.0,1,2,23.45,0.0,3.0,3,2,3.0,0.0,0.0,0.0,1.0,0.0,1.0,0.0,0.0,0.0,0
193,2,1.0,3.0,1,1,26.0,1.0,0.0,2,3,3.0,2.0,0.0,0.0,1.0,1.0,0.0,0.0,0.0,0.0,1
869,3,1.0,4.0,1,1,11.1333,1.0,0.0,2,3,2.0,0.0,0.0,0.0,1.0,1.0,0.0,0.0,0.0,0.0,1
715,3,1.0,19.0,0,0,7.65,1.0,2.0,0,1,0.0,2.0,0.0,0.0,1.0,0.0,1.0,0.0,0.0,0.0,0
525,3,1.0,40.0,0,0,7.75,0.0,4.0,0,1,0.0,0.0,0.0,1.0,0.0,0.0,1.0,0.0,0.0,0.0,0
381,3,0.0,1.0,0,2,15.7417,1.0,0.0,2,2,2.0,0.0,1.0,0.0,0.0,0.0,0.0,0.0,1.0,0.0,1
140,3,0.0,35.0,0,2,15.2458,0.0,4.0,2,2,2.0,0.0,1.0,0.0,0.0,0.0,0.0,1.0,0.0,0.0,0
173,3,1.0,21.0,0,0,7.925,1.0,2.0,0,1,1.0,0.0,0.0,0.0,1.0,0.0,1.0,0.0,0.0,0.0,0
6,1,1.0,54.0,0,0,51.8625,1.0,5.0,0,1,4.0,3.0,0.0,0.0,1.0,0.0,1.0,0.0,0.0,0.0,0
718,3,1.0,32.0,0,0,15.5,0.0,3.0,0,1,2.0,0.0,0.0,1.0,0.0,0.0,1.0,0.0,0.0,0.0,0
685,2,1.0,25.0,1,2,41.5792,1.0,3.0,3,3,4.0,0.0,1.0,0.0,0.0,0.0,1.0,0.0,0.0,0.0,0
73,3,1.0,26.0,1,0,14.4542,1.0,3.0,1,1,2.0,0.0,1.0,0.0,0.0,0.0,1.0,0.0,0.0,0.0,0
882,3,0.0,22.0,0,0,10.5167,1.0,2.0,0,1,2.0,0.0,0.0,0.0,1.0,0.0,0.0,0.0,1.0,0.0,0
328,3,0.0,31.0,1,1,20.525,1.0,3.0,2,3,2.0,0.0,0.0,0.0,1.0,0.0,0.0,1.0,0.0,0.0,1
453,1,1.0,49.0,1,0,89.1042,1.0,4.0,1,2,4.0,5.0,1.0,0.0,0.0,0.0,1.0,0.0,0.0,0.0,1
145,2,1.0,19.0,1,1,36.75,1.0,2.0,2,2,3.0,0.0,0.0,0.0,1.0,0.0,1.0,0.0,0.0,0.0,0
234,2,1.0,24.0,0,0,10.5,1.0,2.0,0,1,1.0,0.0,0.0,0.0,1.0,0.0,1.0,0.0,0.0,0.0,0
220,3,1.0,16.0,0,0,8.05,1.0,1.0,0,1,1.0,0.0,0.0,0.0,1.0,0.0,1.0,0.0,0.0,0.0,1
370,1,1.0,25.0,1,0,55.4417,1.0,3.0,1,1,4.0,3.0,1.0,0.0,0.0,0.0,1.0,0.0,0.0,0.0,1
811,3,1.0,39.0,0,0,24.15,1.0,4.0,0,2,3.0,0.0,0.0,0.0,1.0,0.0,1.0,0.0,0.0,0.0,0
132,3,0.0,47.0,1,0,14.5,1.0,4.0,1,1,2.0,0.0,0.0,0.0,1.0,0.0,0.0,1.0,0.0,0.0,0
694,1,1.0,60.0,0,0,26.55,1.0,5.0,0,1,3.0,0.0,0.0,0.0,1.0,0.0,0.0,0.0,0.0,1.0,0
864,2,1.0,24.0,0,0,13.0,1.0,2.0,0,1,2.0,0.0,0.0,0.0,1.0,0.0,1.0,0.0,0.0,0.0,0
185,1,1.0,32.0,0,0,50.0,0.0,3.0,0,1,4.0,7.0,0.0,0.0,1.0,0.0,1.0,0.0,0.0,0.0,0
41,2,0.0,27.0,1,0,21.0,1.0,3.0,1,2,2.0,0.0,0.0,0.0,1.0,0.0,0.0,1.0,0.0,0.0,0
547,2,1.0,32.0,0,0,13.8625,0.0,3.0,0,1,2.0,0.0,1.0,0.0,0.0,0.0,1.0,0.0,0.0,0.0,1
108,3,1.0,38.0,0,0,7.8958,1.0,4.0,0,1,1.0,0.0,0.0,0.0,1.0,0.0,1.0,0.0,0.0,0.0,0
603,3,1.0,44.0,0,0,8.05,1.0,4.0,0,1,1.0,0.0,0.0,0.0,1.0,0.0,1.0,0.0,0.0,0.0,0
56,2,0.0,21.0,0,0,10.5,1.0,2.0,0,1,1.0,0.0,0.0,0.0,1.0,0.0,0.0,0.0,1.0,0.0,1
394,3,0.0,24.0,0,2,16.7,1.0,2.0,2,2,2.0,1.0,0.0,0.0,1.0,0.0,0.0,1.0,0.0,0.0,1
706,2,0.0,45.0,0,0,13.5,1.0,4.0,0,1,2.0,0.0,0.0,0.0,1.0,0.0,0.0,1.0,0.0,0.0,1
549,2,1.0,8.0,1,1,36.75,1.0,0.0,2,2,3.0,0.0,0.0,0.0,1.0,1.0,0.0,0.0,0.0,0.0,1
24,3,0.0,8.0,3,1,21.075,1.0,0.0,4,4,2.0,0.0,0.0,0.0,1.0,0.0,0.0,0.0,1.0,0.0,0
351,1,1.0,32.0,0,0,35.0,0.0,3.0,0,1,3.0,5.0,0.0,0.0,1.0,0.0,1.0,0.0,0.0,0.0,0
429,3,1.0,32.0,0,0,8.05,1.0,3.0,0,1,1.0,3.0,0.0,0.0,1.0,0.0,1.0,0.0,0.0,0.0,1
434,1,1.0,50.0,1,0,55.9,1.0,5.0,1,2,4.0,3.0,0.0,0.0,1.0,0.0,1.0,0.0,0.0,0.0,0
51,3,1.0,21.0,0,0,7.8,1.0,2.0,0,1,0.0,0.0,0.0,0.0,1.0,0.0,1.0,0.0,0.0,0.0,0
526,2,0.0,50.0,0,0,10.5,1.0,5.0,0,1,1.0,0.0,0.0,0.0,1.0,0.0,0.0,0.0,1.0,0.0,1
816,3,0.0,23.0,0,0,7.925,1.0,2.0,0,1,1.0,0.0,0.0,0.0,1.0,0.0,0.0,0.0,1.0,0.0,0
569,3,1.0,32.0,0,0,7.8542,1.0,3.0,0,1,1.0,0.0,0.0,0.0,1.0,0.0,1.0,0.0,0.0,0.0,1
264,3,0.0,22.0,0,0,7.75,0.0,2.0,0,1,0.0,0.0,0.0,1.0,0.0,0.0,0.0,0.0,1.0,0.0,0
436,3,0.0,21.0,2,2,34.375,1.0,2.0,4,4,3.0,0.0,0.0,0.0,1.0,0.0,0.0,0.0,1.0,0.0,0
613,3,1.0,32.0,0,0,7.75,0.0,3.0,0,1,0.0,0.0,0.0,1.0,0.0,0.0,1.0,0.0,0.0,0.0,0
693,3,1.0,25.0,0,0,7.225,1.0,3.0,0,1,0.0,0.0,1.0,0.0,0.0,0.0,1.0,0.0,0.0,0.0,0
352,3,1.0,15.0,1,1,7.2292,1.0,1.0,2,1,0.0,0.0,1.0,0.0,0.0,0.0,1.0,0.0,0.0,0.0,0
18,3,0.0,31.0,1,0,18.0,1.0,3.0,1,1,2.0,0.0,0.0,0.0,1.0,0.0,0.0,1.0,0.0,0.0,0
666,2,1.0,25.0,0,0,13.0,1.0,3.0,0,1,2.0,0.0,0.0,0.0,1.0,0.0,1.0,0.0,0.0,0.0,0
582,2,1.0,54.0,0,0,26.0,1.0,5.0,0,2,3.0,0.0,0.0,0.0,1.0,0.0,1.0,0.0,0.0,0.0,0
83,1,1.0,28.0,0,0,47.1,1.0,3.0,0,1,4.0,0.0,0.0,0.0,1.0,0.0,1.0,0.0,0.0,0.0,0
61,1,0.0,38.0,0,0,80.0,1.0,4.0,0,2,4.0,6.0,0.0,0.0,1.0,0.0,0.0,0.0,1.0,0.0,1
272,2,0.0,41.0,0,1,19.5,1.0,4.0,1,2,2.0,0.0,0.0,0.0,1.0,0.0,0.0,1.0,0.0,0.0,1
285,3,1.0,33.0,0,0,8.6625,1.0,3.0,0,1,1.0,0.0,1.0,0.0,0.0,0.0,1.0,0.0,0.0,0.0,0
695,2,1.0,52.0,0,0,13.5,1.0,5.0,0,1,2.0,0.0,0.0,0.0,1.0,0.0,1.0,0.0,0.0,0.0,0
746,3,1.0,16.0,1,1,20.25,1.0,1.0,2,2,2.0,0.0,0.0,0.0,1.0,0.0,1.0,0.0,0.0,0.0,0
12,3,1.0,20.0,0,0,8.05,1.0,2.0,0,1,1.0,0.0,0.0,0.0,1.0,0.0,1.0,0.0,0.0,0.0,0
182,3,1.0,9.0,4,2,31.3875,1.0,0.0,6,4,3.0,0.0,0.0,0.0,1.0,1.0,0.0,0.0,0.0,0.0,0
444,3,1.0,32.0,0,0,8.1125,0.0,3.0,0,1,1.0,0.0,0.0,0.0,1.0,0.0,1.0,0.0,0.0,0.0,1
552,3,1.0,32.0,0,0,7.8292,0.0,3.0,0,1,1.0,0.0,0.0,1.0,0.0,0.0,1.0,0.0,0.0,0.0,0
223,3,1.0,32.0,0,0,7.8958,0.0,3.0,0,1,1.0,0.0,0.0,0.0,1.0,0.0,1.0,0.0,0.0,0.0,0
513,1,0.0,54.0,1,0,59.4,1.0,5.0,1,1,4.0,0.0,1.0,0.0,0.0,0.0,0.0,1.0,0.0,0.0,1
628,3,1.0,26.0,0,0,7.8958,1.0,3.0,0,1,1.0,0.0,0.0,0.0,1.0,0.0,1.0,0.0,0.0,0.0,0
587,1,1.0,60.0,1,1,79.2,1.0,5.0,2,1,4.0,6.0,1.0,0.0,0.0,0.0,1.0,0.0,0.0,0.0,1
692,3,1.0,32.0,0,0,56.4958,0.0,3.0,0,7,4.0,0.0,0.0,0.0,1.0,0.0,1.0,0.0,0.0,0.0,1
523,1,0.0,44.0,0,1,57.9792,1.0,4.0,1,2,4.0,6.0,1.0,0.0,0.0,0.0,0.0,1.0,0.0,0.0,1
664,3,1.0,20.0,1,0,7.925,1.0,2.0,1,1,1.0,0.0,0.0,0.0,1.0,0.0,1.0,0.0,0.0,0.0,1
176,3,1.0,4.0,3,1,25.4667,0.0,0.0,4,4,3.0,0.0,0.0,0.0,1.0,1.0,0.0,0.0,0.0,0.0,0
841,2,1.0,16.0,0,0,10.5,1.0,1.0,0,2,1.0,0.0,0.0,0.0,1.0,0.0,1.0,0.0,0.0,0.0,0
678,3,0.0,43.0,1,6,46.9,1.0,4.0,7,6,4.0,0.0,0.0,0.0,1.0,0.0,0.0,1.0,0.0,0.0,0
163,3,1.0,17.0,0,0,8.6625,1.0,1.0,0,1,1.0,0.0,0.0,0.0,1.0,0.0,1.0,0.0,0.0,0.0,0
248,1,1.0,37.0,1,1,52.5542,1.0,4.0,2,2,4.0,4.0,0.0,0.0,1.0,0.0,1.0,0.0,0.0,0.0,1
570,2,1.0,62.0,0,0,10.5,1.0,5.0,0,1,1.0,0.0,0.0,0.0,1.0,0.0,1.0,0.0,0.0,0.0,1
787,3,1.0,8.0,4,1,29.125,1.0,0.0,5,5,3.0,0.0,0.0,1.0,0.0,1.0,0.0,0.0,0.0,0.0,0
74,3,1.0,32.0,0,0,56.4958,1.0,3.0,0,7,4.0,0.0,0.0,0.0,1.0,0.0,1.0,0.0,0.0,0.0,1
113,3,0.0,20.0,1,0,9.825,1.0,2.0,1,1,1.0,0.0,0.0,0.0,1.0,0.0,0.0,0.0,1.0,0.0,0
635,2,0.0,28.0,0,0,13.0,1.0,3.0,0,1,2.0,0.0,0.0,0.0,1.0,0.0,0.0,0.0,1.0,0.0,1
501,3,0.0,21.0,0,0,7.75,1.0,2.0,0,1,0.0,0.0,0.0,1.0,0.0,0.0,0.0,0.0,1.0,0.0,0
104,3,1.0,37.0,2,0,7.925,1.0,4.0,2,1,1.0,0.0,0.0,0.0,1.0,0.0,1.0,0.0,0.0,0.0,0
114,3,0.0,17.0,0,0,14.4583,1.0,1.0,0,2,2.0,0.0,1.0,0.0,0.0,0.0,0.0,0.0,1.0,0.0,0
368,3,0.0,22.0,0,0,7.75,0.0,2.0,0,1,0.0,0.0,0.0,1.0,0.0,0.0,0.0,0.0,1.0,0.0,1
92,1,1.0,46.0,1,0,61.175,1.0,4.0,1,1,4.0,3.0,0.0,0.0,1.0,0.0,1.0,0.0,0.0,0.0,0
497,3,1.0,32.0,0,0,15.1,0.0,3.0,0,1,2.0,0.0,0.0,0.0,1.0,0.0,1.0,0.0,0.0,0.0,0
89,3,1.0,24.0,0,0,8.05,1.0,2.0,0,1,1.0,0.0,0.0,0.0,1.0,0.0,1.0,0.0,0.0,0.0,0
336,1,1.0,29.0,1,0,66.6,1.0,3.0,1,2,4.0,5.0,0.0,0.0,1.0,0.0,1.0,0.0,0.0,0.0,0
879,1,0.0,56.0,0,1,83.1583,1.0,5.0,1,2,4.0,5.0,1.0,0.0,0.0,0.0,0.0,1.0,0.0,0.0,1
817,2,1.0,31.0,1,1,37.0042,1.0,3.0,2,2,3.0,0.0,1.0,0.0,0.0,0.0,1.0,0.0,0.0,0.0,0
828,3,1.0,32.0,0,0,7.75,0.0,3.0,0,1,0.0,0.0,0.0,1.0,0.0,0.0,1.0,0.0,0.0,0.0,1
543,2,1.0,32.0,1,0,26.0,1.0,3.0,1,2,3.0,0.0,0.0,0.0,1.0,0.0,1.0,0.0,0.0,0.0,1
548,3,1.0,33.0,1,1,20.525,1.0,3.0,2,3,2.0,0.0,0.0,0.0,1.0,0.0,1.0,0.0,0.0,0.0,0
94,3,1.0,59.0,0,0,7.25,1.0,5.0,0,1,0.0,0.0,0.0,0.0,1.0,0.0,1.0,0.0,0.0,0.0,0
11,1,0.0,58.0,0,0,26.55,1.0,5.0,0,1,3.0,5.0,0.0,0.0,1.0,0.0,0.0,0.0,1.0,0.0,1
431,3,0.0,35.0,1,0,16.1,0.0,4.0,1,2,2.0,0.0,0.0,0.0,1.0,0.0,0.0,1.0,0.0,0.0,1
43,2,0.0,3.0,1,2,41.5792,1.0,0.0,3,3,4.0,0.0,1.0,0.0,0.0,0.0,0.0,0.0,1.0,0.0,1
42,3,1.0,32.0,0,0,7.8958,0.0,3.0,0,1,1.0,0.0,1.0,0.0,0.0,0.0,1.0,0.0,0.0,0.0,0
329,1,0.0,16.0,0,1,57.9792,1.0,1.0,1,2,4.0,6.0,1.0,0.0,0.0,0.0,0.0,0.0,1.0,0.0,1
167,3,0.0,45.0,1,4,27.9,1.0,4.0,5,6,3.0,0.0,0.0,0.0,1.0,0.0,0.0,1.0,0.0,0.0,0
779,1,0.0,43.0,0,1,211.3375,1.0,4.0,1,3,5.0,6.0,0.0,0.0,1.0,0.0,0.0,1.0,0.0,0.0,1
537,1,0.0,30.0,0,0,106.425,1.0,3.0,0,2,5.0,0.0,1.0,0.0,0.0,0.0,0.0,0.0,1.0,0.0,1
735,3,1.0,28.0,0,0,16.1,0.0,3.0,0,2,2.0,0.0,0.0,0.0,1.0,0.0,1.0,0.0,0.0,0.0,0
499,3,1.0,24.0,0,0,7.7958,1.0,2.0,0,1,0.0,0.0,0.0,0.0,1.0,0.0,1.0,0.0,0.0,0.0,0
178,2,1.0,30.0,0,0,13.0,1.0,3.0,0,1,2.0,0.0,0.0,0.0,1.0,0.0,1.0,0.0,0.0,0.0,0
583,1,1.0,36.0,0,0,40.125,1.0,4.0,0,1,3.0,7.0,1.0,0.0,0.0,0.0,1.0,0.0,0.0,0.0,0
784,3,1.0,25.0,0,0,7.05,1.0,3.0,0,1,0.0,0.0,0.0,0.0,1.0,0.0,1.0,0.0,0.0,0.0,0
593,3,0.0,22.0,0,2,7.75,0.0,2.0,2,1,0.0,0.0,0.0,1.0,0.0,0.0,0.0,0.0,1.0,0.0,0
177,1,0.0,50.0,0,0,28.7125,1.0,5.0,0,1,3.0,5.0,1.0,0.0,0.0,0.0,0.0,0.0,1.0,0.0,0
644,3,0.0,0.0,2,1,19.2583,1.0,0.0,3,4,2.0,0.0,1.0,0.0,0.0,0.0,0.0,0.0,1.0,0.0,1
710,1,0.0,24.0,0,0,49.5042,1.0,2.0,0,1,4.0,5.0,1.0,0.0,0.0,0.0,0.0,0.0,1.0,0.0,1
615,2,0.0,24.0,1,2,65.0,1.0,2.0,3,2,4.0,0.0,0.0,0.0,1.0,0.0,0.0,0.0,1.0,0.0,1
383,1,0.0,35.0,1,0,52.0,1.0,4.0,1,2,4.0,0.0,0.0,0.0,1.0,0.0,0.0,1.0,0.0,0.0,1
257,1,0.0,30.0,0,0,86.5,1.0,3.0,0,3,4.0,6.0,0.0,0.0,1.0,0.0,0.0,0.0,1.0,0.0,1
734,2,1.0,23.0,0,0,13.0,1.0,2.0,0,1,2.0,0.0,0.0,0.0,1.0,0.0,1.0,0.0,0.0,0.0,0
335,3,1.0,32.0,0,0,7.8958,0.0,3.0,0,1,1.0,0.0,0.0,0.0,1.0,0.0,1.0,0.0,0.0,0.0,0
551,2,1.0,27.0,0,0,26.0,1.0,3.0,0,1,3.0,0.0,0.0,0.0,1.0,0.0,1.0,0.0,0.0,0.0,0
15,2,0.0,55.0,0,0,16.0,1.0,5.0,0,1,2.0,0.0,0.0,0.0,1.0,0.0,0.0,1.0,0.0,0.0,1
3,1,0.0,35.0,1,0,53.1,1.0,4.0,1,2,4.0,5.0,0.0,0.0,1.0,0.0,0.0,1.0,0.0,0.0,1
411,3,1.0,32.0,0,0,6.8583,0.0,3.0,0,1,0.0,0.0,0.0,1.0,0.0,0.0,1.0,0.0,0.0,0.0,0
256,1,0.0,35.0,0,0,79.2,0.0,4.0,0,1,4.0,0.0,1.0,0.0,0.0,0.0,0.0,1.0,0.0,0.0,1
451,3,1.0,32.0,1,0,19.9667,0.0,3.0,1,1,2.0,0.0,0.0,0.0,1.0,0.0,1.0,0.0,0.0,0.0,0
473,2,0.0,23.0,0,0,13.7917,1.0,2.0,0,1,2.0,4.0,1.0,0.0,0.0,0.0,0.0,1.0,0.0,0.0,1
697,3,0.0,22.0,0,0,7.7333,0.0,2.0,0,1,0.0,0.0,0.0,1.0,0.0,0.0,0.0,0.0,1.0,0.0,1
393,1,0.0,23.0,1,0,113.275,1.0,2.0,1,3,5.0,4.0,1.0,0.0,0.0,0.0,0.0,0.0,1.0,0.0,1
222,3,1.0,51.0,0,0,8.05,1.0,5.0,0,1,1.0,0.0,0.0,0.0,1.0,0.0,1.0,0.0,0.0,0.0,0
506,2,0.0,33.0,0,2,26.0,1.0,3.0,2,2,3.0,0.0,0.0,0.0,1.0,0.0,0.0,1.0,0.0,0.0,1
567,3,0.0,29.0,0,4,21.075,1.0,3.0,4,4,2.0,0.0,0.0,0.0,1.0,0.0,0.0,1.0,0.0,0.0,0
420,3,1.0,32.0,0,0,7.8958,0.0,3.0,0,1,1.0,0.0,1.0,0.0,0.0,0.0,1.0,0.0,0.0,0.0,0
324,3,1.0,32.0,8,2,69.55,0.0,3.0,10,7,4.0,0.0,0.0,0.0,1.0,0.0,1.0,0.0,0.0,0.0,0
530,2,0.0,2.0,1,1,26.0,1.0,0.0,2,2,3.0,0.0,0.0,0.0,1.0,0.0,0.0,0.0,1.0,0.0,1
9,2,0.0,14.0,1,0,30.0708,1.0,1.0,1,2,3.0,0.0,1.0,0.0,0.0,0.0,0.0,1.0,0.0,0.0,1
249,2,1.0,54.0,1,0,26.0,1.0,5.0,1,2,3.0,0.0,0.0,0.0,1.0,0.0,0.0,0.0,0.0,1.0,0
22,3,0.0,15.0,0,0,8.0292,1.0,1.0,0,1,1.0,0.0,0.0,1.0,0.0,0.0,0.0,0.0,1.0,0.0,1
356,1,0.0,22.0,0,1,55.0,1.0,2.0,1,2,4.0,3.0,0.0,0.0,1.0,0.0,0.0,0.0,1.0,0.0,1
221,2,1.0,27.0,0,0,13.0,1.0,3.0,0,1,2.0,0.0,0.0,0.0,1.0,0.0,1.0,0.0,0.0,0.0,0
601,3,1.0,32.0,0,0,7.8958,0.0,3.0,0,1,1.0,0.0,0.0,0.0,1.0,0.0,1.0,0.0,0.0,0.0,0
766,1,1.0,49.0,0,0,39.6,0.0,4.0,0,1,3.0,0.0,1.0,0.0,0.0,0.0,0.0,0.0,0.0,1.0,0
874,2,0.0,28.0,1,0,24.0,1.0,3.0,1,2,3.0,0.0,1.0,0.0,0.0,0.0,0.0,1.0,0.0,0.0,1
528,3,1.0,39.0,0,0,7.925,1.0,4.0,0,1,1.0,0.0,0.0,0.0,1.0,0.0,1.0,0.0,0.0,0.0,0
340,2,1.0,2.0,1,1,26.0,1.0,0.0,2,3,3.0,2.0,0.0,0.0,1.0,1.0,0.0,0.0,0.0,0.0,1
743,3,1.0,24.0,1,0,16.1,1.0,2.0,1,1,2.0,0.0,0.0,0.0,1.0,0.0,1.0,0.0,0.0,0.0,0
519,3,1.0,32.0,0,0,7.8958,1.0,3.0,0,1,1.0,0.0,0.0,0.0,1.0,0.0,1.0,0.0,0.0,0.0,0
203,3,1.0,45.0,0,0,7.225,0.0,4.0,0,1,0.0,0.0,1.0,0.0,0.0,0.0,1.0,0.0,0.0,0.0,0
237,2,0.0,8.0,0,2,26.25,1.0,0.0,2,3,3.0,0.0,0.0,0.0,1.0,0.0,0.0,0.0,1.0,0.0,1
93,3,1.0,26.0,1,2,20.575,1.0,3.0,3,2,2.0,0.0,0.0,0.0,1.0,0.0,1.0,0.0,0.0,0.0,0
730,1,0.0,29.0,0,0,211.3375,1.0,3.0,0,3,5.0,6.0,0.0,0.0,1.0,0.0,0.0,0.0,1.0,0.0,1
440,2,0.0,45.0,1,1,26.25,1.0,4.0,2,3,3.0,0.0,0.0,0.0,1.0,0.0,0.0,1.0,0.0,0.0,1
559,3,0.0,36.0,1,0,17.4,1.0,4.0,1,1,2.0,0.0,0.0,0.0,1.0,0.0,0.0,1.0,0.0,0.0,1
284,1,1.0,32.0,0,0,26.0,0.0,3.0,0,1,3.0,7.0,0.0,0.0,1.0,0.0,1.0,0.0,0.0,0.0,0
184,3,0.0,4.0,0,2,22.025,1.0,0.0,2,1,2.0,0.0,0.0,0.0,1.0,0.0,0.0,0.0,1.0,0.0,1
791,2,1.0,16.0,0,0,26.0,1.0,1.0,0,2,3.0,0.0,0.0,0.0,1.0,0.0,1.0,0.0,0.0,0.0,0
487,1,1.0,58.0,0,0,29.7,1.0,5.0,0,1,3.0,6.0,1.0,0.0,0.0,0.0,1.0,0.0,0.0,0.0,0
153,3,1.0,40.0,0,2,14.5,0.0,4.0,2,1,2.0,0.0,0.0,0.0,1.0,0.0,1.0,0.0,0.0,0.0,0
75,3,1.0,25.0,0,0,7.65,1.0,3.0,0,1,0.0,2.0,0.0,0.0,1.0,0.0,1.0,0.0,0.0,0.0,0
656,3,1.0,32.0,0,0,7.8958,0.0,3.0,0,1,1.0,0.0,0.0,0.0,1.0,0.0,1.0,0.0,0.0,0.0,0
631,3,1.0,51.0,0,0,7.0542,1.0,5.0,0,1,0.0,0.0,0.0,0.0,1.0,0.0,1.0,0.0,0.0,0.0,0
277,2,1.0,32.0,0,0,20.66218315217392,0.0,3.0,0,3,2.0,0.0,0.0,0.0,1.0,0.0,1.0,0.0,0.0,0.0,0
68,3,0.0,17.0,4,2,7.925,1.0,1.0,6,1,1.0,0.0,0.0,0.0,1.0,0.0,0.0,0.0,1.0,0.0,1
825,3,1.0,32.0,0,0,6.95,0.0,3.0,0,1,0.0,0.0,0.0,1.0,0.0,0.0,1.0,0.0,0.0,0.0,0
188,3,1.0,40.0,1,1,15.5,1.0,4.0,2,2,2.0,0.0,0.0,1.0,0.0,0.0,1.0,0.0,0.0,0.0,0
271,3,1.0,25.0,0,0,0.0,1.0,3.0,0,1,0.0,0.0,0.0,0.0,1.0,0.0,1.0,0.0,0.0,0.0,1
662,1,1.0,47.0,0,0,25.5875,1.0,4.0,0,1,3.0,3.0,0.0,0.0,1.0,0.0,1.0,0.0,0.0,0.0,0
711,1,1.0,32.0,0,0,26.55,0.0,3.0,0,1,3.0,5.0,0.0,0.0,1.0,0.0,1.0,0.0,0.0,0.0,0
236,2,1.0,44.0,1,0,26.0,1.0,4.0,1,1,3.0,0.0,0.0,0.0,1.0,0.0,1.0,0.0,0.0,0.0,0
88,1,0.0,23.0,3,2,263.0,1.0,2.0,5,4,5.0,5.0,0.0,0.0,1.0,0.0,0.0,0.0,1.0,0.0,1
757,2,1.0,18.0,0,0,11.5,1.0,2.0,0,1,2.0,0.0,0.0,0.0,1.0,0.0,1.0,0.0,0.0,0.0,0
117,2,1.0,29.0,1,0,21.0,1.0,3.0,1,2,2.0,0.0,0.0,0.0,1.0,0.0,1.0,0.0,0.0,0.0,0
125,3,1.0,12.0,1,0,11.2417,1.0,1.0,1,2,2.0,0.0,1.0,0.0,0.0,1.0,0.0,0.0,0.0,0.0,1
731,3,1.0,11.0,0,0,18.7875,1.0,0.0,0,2,2.0,0.0,1.0,0.0,0.0,0.0,1.0,0.0,0.0,0.0,0
289,3,0.0,22.0,0,0,7.75,1.0,2.0,0,1,0.0,0.0,0.0,1.0,0.0,0.0,0.0,0.0,1.0,0.0,1
238,2,1.0,19.0,0,0,10.5,1.0,2.0,0,1,1.0,0.0,0.0,0.0,1.0,0.0,1.0,0.0,0.0,0.0,0
0,3,1.0,22.0,1,0,7.25,1.0,2.0,1,1,0.0,0.0,0.0,0.0,1.0,0.0,1.0,0.0,0.0,0.0,0
881,3,1.0,33.0,0,0,7.8958,1.0,3.0,0,1,1.0,0.0,0.0,0.0,1.0,0.0,1.0,0.0,0.0,0.0,0
467,1,1.0,56.0,0,0,26.55,1.0,5.0,0,1,3.0,0.0,0.0,0.0,1.0,0.0,1.0,0.0,0.0,0.0,0
827,2,1.0,1.0,0,2,37.0042,1.0,0.0,2,2,3.0,0.0,1.0,0.0,0.0,1.0,0.0,0.0,0.0,0.0,1
395,3,1.0,22.0,0,0,7.7958,1.0,2.0,0,1,0.0,0.0,0.0,0.0,1.0,0.0,1.0,0.0,0.0,0.0,0
531,3,1.0,32.0,0,0,7.2292,0.0,3.0,0,1,0.0,0.0,1.0,0.0,0.0,0.0,1.0,0.0,0.0,0.0,0
126,3,1.0,32.0,0,0,7.75,0.0,3.0,0,1,0.0,0.0,0.0,1.0,0.0,0.0,1.0,0.0,0.0,0.0,0
278,3,1.0,7.0,4,1,29.125,1.0,0.0,5,5,3.0,0.0,0.0,1.0,0.0,1.0,0.0,0.0,0.0,0.0,0
691,3,0.0,4.0,0,1,13.4167,1.0,0.0,1,1,2.0,0.0,1.0,0.0,0.0,0.0,0.0,0.0,1.0,0.0,1
116,3,1.0,70.0,0,0,7.75,0.0,5.0,0,1,0.0,0.0,0.0,1.0,0.0,0.0,1.0,0.0,0.0,0.0,0
228,2,1.0,18.0,0,0,13.0,1.0,2.0,0,1,2.0,0.0,0.0,0.0,1.0,0.0,1.0,0.0,0.0,0.0,0
622,3,1.0,20.0,1,1,15.7417,1.0,2.0,2,2,2.0,0.0,1.0,0.0,0.0,0.0,1.0,0.0,0.0,0.0,1
655,2,1.0,24.0,2,0,73.5,1.0,2.0,2,5,4.0,0.0,0.0,0.0,1.0,0.0,1.0,0.0,0.0,0.0,0
598,3,1.0,32.0,0,0,7.225,0.0,3.0,0,1,0.0,0.0,1.0,0.0,0.0,0.0,1.0,0.0,0.0,0.0,0
516,2,0.0,34.0,0,0,10.5,1.0,3.0,0,1,1.0,2.0,0.0,0.0,1.0,0.0,0.0,1.0,0.0,0.0,1
274,3,0.0,22.0,0,0,7.75,0.0,2.0,0,1,0.0,0.0,0.0,1.0,0.0,0.0,0.0,0.0,1.0,0.0,1
318,1,0.0,31.0,0,2,164.8667,1.0,3.0,2,2,5.0,5.0,0.0,0.0,1.0,0.0,0.0,0.0,1.0,0.0,1
606,3,1.0,30.0,0,0,7.8958,1.0,3.0,0,1,1.0,0.0,0.0,0.0,1.0,0.0,1.0,0.0,0.0,0.0,0
144,2,1.0,18.0,0,0,11.5,1.0,2.0,0,1,2.0,0.0,0.0,0.0,1.0,0.0,1.0,0.0,0.0,0.0,0
634,3,0.0,9.0,3,2,27.9,1.0,0.0,5,6,3.0,0.0,0.0,0.0,1.0,0.0,0.0,0.0,1.0,0.0,0
558,1,0.0,39.0,1,1,79.65,1.0,4.0,2,3,4.0,3.0,0.0,0.0,1.0,0.0,0.0,1.0,0.0,0.0,1
809,1,0.0,33.0,1,0,53.1,1.0,3.0,1,2,4.0,3.0,0.0,0.0,1.0,0.0,0.0,1.0,0.0,0.0,1
745,1,1.0,70.0,1,1,71.0,1.0,5.0,2,2,4.0,6.0,0.0,0.0,1.0,0.0,0.0,0.0,0.0,1.0,0
369,1,0.0,24.0,0,0,69.3,1.0,2.0,0,2,4.0,6.0,1.0,0.0,0.0,0.0,0.0,1.0,0.0,0.0,1
268,1,0.0,58.0,0,1,153.4625,1.0,5.0,1,3,5.0,5.0,0.0,0.0,1.0,0.0,0.0,1.0,0.0,0.0,1
623,3,1.0,21.0,0,0,7.8542,1.0,2.0,0,1,1.0,0.0,0.0,0.0,1.0,0.0,1.0,0.0,0.0,0.0,0
307,1,0.0,17.0,1,0,108.9,1.0,1.0,1,2,5.0,5.0,1.0,0.0,0.0,0.0,0.0,1.0,0.0,0.0,1
423,3,0.0,28.0,1,1,14.4,1.0,3.0,2,2,2.0,0.0,0.0,0.0,1.0,0.0,0.0,1.0,0.0,0.0,0
310,1,0.0,24.0,0,0,83.1583,1.0,2.0,0,2,4.0,5.0,1.0,0.0,0.0,0.0,0.0,0.0,1.0,0.0,1
354,3,1.0,32.0,0,0,7.225,0.0,3.0,0,1,0.0,0.0,1.0,0.0,0.0,0.0,1.0,0.0,0.0,0.0,0
46,3,1.0,32.0,1,0,15.5,0.0,3.0,1,1,2.0,0.0,0.0,1.0,0.0,0.0,1.0,0.0,0.0,0.0,0
349,3,1.0,42.0,0,0,8.6625,1.0,4.0,0,1,1.0,0.0,0.0,0.0,1.0,0.0,1.0,0.0,0.0,0.0,0
371,3,1.0,18.0,1,0,6.4958,1.0,2.0,1,1,0.0,0.0,0.0,0.0,1.0,0.0,1.0,0.0,0.0,0.0,0
479,3,0.0,2.0,0,1,12.2875,1.0,0.0,1,1,2.0,0.0,0.0,0.0,1.0,0.0,0.0,0.0,1.0,0.0,1
576,2,0.0,34.0,0,0,13.0,1.0,3.0,0,1,2.0,0.0,0.0,0.0,1.0,0.0,0.0,0.0,1.0,0.0,1
261,3,1.0,3.0,4,2,31.3875,1.0,0.0,6,4,3.0,0.0,0.0,0.0,1.0,1.0,0.0,0.0,0.0,0.0,1
195,1,0.0,58.0,0,0,146.5208,1.0,5.0,0,2,5.0,6.0,1.0,0.0,0.0,0.0,0.0,0.0,1.0,0.0,1
890,3,1.0,32.0,0,0,7.75,1.0,3.0,0,1,0.0,0.0,0.0,1.0,0.0,0.0,1.0,0.0,0.0,0.0,0
744,3,1.0,31.0,0,0,7.925,1.0,3.0,0,1,1.0,0.0,0.0,0.0,1.0,0.0,1.0,0.0,0.0,0.0,1
107,3,1.0,32.0,0,0,7.775,0.0,3.0,0,1,0.0,0.0,0.0,0.0,1.0,0.0,1.0,0.0,0.0,0.0,1
866,2,0.0,27.0,1,0,13.8583,1.0,3.0,1,1,2.0,0.0,1.0,0.0,0.0,0.0,0.0,0.0,1.0,0.0,1
59,3,1.0,11.0,5,2,46.9,1.0,0.0,7,6,4.0,0.0,0.0,0.0,1.0,1.0,0.0,0.0,0.0,0.0,0
658,2,1.0,23.0,0,0,13.0,1.0,2.0,0,1,2.0,0.0,0.0,0.0,1.0,0.0,1.0,0.0,0.0,0.0,0
263,1,1.0,40.0,0,0,84.1546875,1.0,4.0,0,1,4.0,6.0,0.0,0.0,1.0,0.0,1.0,0.0,0.0,0.0,0
568,3,1.0,32.0,0,0,7.2292,0.0,3.0,0,1,0.0,0.0,1.0,0.0,0.0,0.0,1.0,0.0,0.0,0.0,0
100,3,0.0,28.0,0,0,7.8958,1.0,3.0,0,1,1.0,0.0,0.0,0.0,1.0,0.0,0.0,0.0,1.0,0.0,0
443,2,0.0,28.0,0,0,13.0,1.0,3.0,0,1,2.0,0.0,0.0,0.0,1.0,0.0,0.0,0.0,1.0,0.0,1
490,3,1.0,32.0,1,0,19.9667,0.0,3.0,1,1,2.0,0.0,0.0,0.0,1.0,0.0,1.0,0.0,0.0,0.0,0
687,3,1.0,19.0,0,0,10.1708,1.0,2.0,0,1,1.0,0.0,0.0,0.0,1.0,0.0,1.0,0.0,0.0,0.0,0
799,3,0.0,30.0,1,1,24.15,1.0,3.0,2,3,3.0,0.0,0.0,0.0,1.0,0.0,0.0,1.0,0.0,0.0,0
640,3,1.0,20.0,0,0,7.8542,1.0,2.0,0,1,1.0,0.0,0.0,0.0,1.0,0.0,1.0,0.0,0.0,0.0,0
169,3,1.0,28.0,0,0,56.4958,1.0,3.0,0,7,4.0,0.0,0.0,0.0,1.0,0.0,1.0,0.0,0.0,0.0,0
179,3,1.0,36.0,0,0,0.0,1.0,4.0,0,1,0.0,0.0,0.0,0.0,1.0,0.0,1.0,0.0,0.0,0.0,0
304,3,1.0,32.0,0,0,8.05,0.0,3.0,0,1,1.0,0.0,0.0,0.0,1.0,0.0,1.0,0.0,0.0,0.0,0
341,1,0.0,24.0,3,2,263.0,1.0,2.0,5,4,5.0,5.0,0.0,0.0,1.0,0.0,0.0,0.0,1.0,0.0,1
57,3,1.0,28.0,0,0,7.2292,0.0,3.0,0,1,0.0,0.0,1.0,0.0,0.0,0.0,1.0,0.0,0.0,0.0,0
858,3,0.0,24.0,0,3,19.2583,1.0,2.0,3,4,2.0,0.0,1.0,0.0,0.0,0.0,0.0,1.0,0.0,0.0,1
149,2,1.0,42.0,0,0,13.0,1.0,4.0,0,1,2.0,0.0,0.0,0.0,1.0,0.0,0.0,0.0,0.0,1.0,0
124,1,1.0,54.0,0,1,77.2875,1.0,5.0,1,2,4.0,4.0,0.0,0.0,1.0,0.0,1.0,0.0,0.0,0.0,0
703,3,1.0,25.0,0,0,7.7417,1.0,3.0,0,1,0.0,0.0,0.0,1.0,0.0,0.0,1.0,0.0,0.0,0.0,0
50,3,1.0,7.0,4,1,39.6875,1.0,0.0,5,6,3.0,0.0,0.0,0.0,1.0,1.0,0.0,0.0,0.0,0.0,0
353,3,1.0,25.0,1,0,17.8,1.0,3.0,1,2,2.0,0.0,0.0,0.0,1.0,0.0,1.0,0.0,0.0,0.0,0
823,3,0.0,27.0,0,1,12.475,1.0,3.0,1,2,2.0,3.0,0.0,0.0,1.0,0.0,0.0,1.0,0.0,0.0,1
142,3,0.0,24.0,1,0,15.85,1.0,2.0,1,2,2.0,0.0,0.0,0.0,1.0,0.0,0.0,1.0,0.0,0.0,1
470,3,1.0,32.0,0,0,7.25,0.0,3.0,0,1,0.0,0.0,0.0,0.0,1.0,0.0,1.0,0.0,0.0,0.0,0
399,2,0.0,28.0,0,0,12.65,1.0,3.0,0,1,2.0,0.0,0.0,0.0,1.0,0.0,0.0,1.0,0.0,0.0,1
575,3,1.0,19.0,0,0,14.5,1.0,2.0,0,2,2.0,0.0,0.0,0.0,1.0,0.0,1.0,0.0,0.0,0.0,0
320,3,1.0,22.0,0,0,7.25,1.0,2.0,0,1,0.0,0.0,0.0,0.0,1.0,0.0,1.0,0.0,0.0,0.0,0
19,3,0.0,35.0,0,0,7.225,0.0,4.0,0,1,0.0,0.0,1.0,0.0,0.0,0.0,0.0,1.0,0.0,0.0,1
792,3,0.0,22.0,8,2,69.55,0.0,2.0,10,7,4.0,0.0,0.0,0.0,1.0,0.0,0.0,0.0,1.0,0.0,0
707,1,1.0,42.0,0,0,26.2875,1.0,4.0,0,1,3.0,3.0,0.0,0.0,1.0,0.0,1.0,0.0,0.0,0.0,1
723,2,1.0,50.0,0,0,13.0,1.0,5.0,0,1,2.0,0.0,0.0,0.0,1.0,0.0,1.0,0.0,0.0,0.0,0
407,2,1.0,3.0,1,1,18.75,1.0,0.0,2,3,2.0,0.0,0.0,0.0,1.0,1.0,0.0,0.0,0.0,0.0,1
557,1,1.0,32.0,0,0,227.525,0.0,3.0,0,4,5.0,0.0,1.0,0.0,0.0,0.0,1.0,0.0,0.0,0.0,0
38,3,0.0,18.0,2,0,18.0,1.0,2.0,2,2,2.0,0.0,0.0,0.0,1.0,0.0,0.0,0.0,1.0,0.0,0
175,3,1.0,18.0,1,1,7.8542,1.0,2.0,2,1,1.0,0.0,0.0,0.0,1.0,0.0,1.0,0.0,0.0,0.0,0
245,1,1.0,44.0,2,0,90.0,1.0,4.0,2,2,4.0,5.0,0.0,1.0,0.0,0.0,0.0,0.0,0.0,1.0,0
740,1,1.0,32.0,0,0,30.0,0.0,3.0,0,1,3.0,4.0,0.0,0.0,1.0,0.0,1.0,0.0,0.0,0.0,1
602,1,1.0,32.0,0,0,42.4,0.0,3.0,0,1,4.0,0.0,0.0,0.0,1.0,0.0,1.0,0.0,0.0,0.0,0
768,3,1.0,32.0,1,0,24.15,0.0,3.0,1,3,3.0,0.0,0.0,1.0,0.0,0.0,1.0,0.0,0.0,0.0,0
764,3,1.0,16.0,0,0,7.775,1.0,1.0,0,1,0.0,0.0,0.0,0.0,1.0,0.0,1.0,0.0,0.0,0.0,0
154,3,1.0,32.0,0,0,7.3125,0.0,3.0,0,1,0.0,0.0,0.0,0.0,1.0,0.0,1.0,0.0,0.0,0.0,0
287,3,1.0,22.0,0,0,7.8958,1.0,2.0,0,1,1.0,0.0,0.0,0.0,1.0,0.0,1.0,0.0,0.0,0.0,0
750,2,0.0,4.0,1,1,23.0,1.0,0.0,2,1,2.0,0.0,0.0,0.0,1.0,0.0,0.0,0.0,1.0,0.0,1
17,2,1.0,32.0,0,0,13.0,0.0,3.0,0,1,2.0,0.0,0.0,0.0,1.0,0.0,1.0,0.0,0.0,0.0,1
127,3,1.0,24.0,0,0,7.1417,1.0,2.0,0,1,0.0,0.0,0.0,0.0,1.0,0.0,1.0,0.0,0.0,0.0,1
322,2,0.0,30.0,0,0,12.35,1.0,3.0,0,1,2.0,0.0,0.0,1.0,0.0,0.0,0.0,0.0,1.0,0.0,1
255,3,0.0,29.0,0,2,15.2458,1.0,3.0,2,1,2.0,0.0,1.0,0.0,0.0,0.0,0.0,1.0,0.0,0.0,1
770,3,1.0,24.0,0,0,9.5,1.0,2.0,0,1,1.0,0.0,0.0,0.0,1.0,0.0,1.0,0.0,0.0,0.0,0
856,1,0.0,45.0,1,1,164.8667,1.0,4.0,2,2,5.0,0.0,0.0,0.0,1.0,0.0,0.0,1.0,0.0,0.0,1
190,2,0.0,32.0,0,0,13.0,1.0,3.0,0,1,2.0,0.0,0.0,0.0,1.0,0.0,0.0,1.0,0.0,0.0,1
115,3,1.0,21.0,0,0,7.925,1.0,2.0,0,1,1.0,0.0,0.0,0.0,1.0,0.0,1.0,0.0,0.0,0.0,0
737,1,1.0,35.0,0,0,512.3292,1.0,4.0,0,3,5.0,6.0,1.0,0.0,0.0,0.0,1.0,0.0,0.0,0.0,1
180,3,0.0,22.0,8,2,69.55,0.0,2.0,10,7,4.0,0.0,0.0,0.0,1.0,0.0,0.0,0.0,1.0,0.0,0
301,3,1.0,32.0,2,0,23.25,0.0,3.0,2,2,3.0,0.0,0.0,1.0,0.0,0.0,1.0,0.0,0.0,0.0,1
679,1,1.0,36.0,0,1,512.3292,1.0,4.0,1,3,5.0,6.0,1.0,0.0,0.0,0.0,1.0,0.0,0.0,0.0,1
638,3,0.0,41.0,0,5,39.6875,1.0,4.0,5,6,3.0,0.0,0.0,0.0,1.0,0.0,0.0,1.0,0.0,0.0,0
649,3,0.0,23.0,0,0,7.55,1.0,2.0,0,1,0.0,0.0,0.0,0.0,1.0,0.0,0.0,0.0,1.0,0.0,1
616,3,1.0,34.0,1,1,14.4,1.0,3.0,2,2,2.0,0.0,0.0,0.0,1.0,0.0,1.0,0.0,0.0,0.0,0
596,2,0.0,22.0,0,0,33.0,0.0,2.0,0,3,3.0,0.0,0.0,0.0,1.0,0.0,0.0,0.0,1.0,0.0,1
517,3,1.0,32.0,0,0,24.15,0.0,3.0,0,3,3.0,0.0,0.0,1.0,0.0,0.0,1.0,0.0,0.0,0.0,0
875,3,0.0,15.0,0,0,7.225,1.0,1.0,0,1,0.0,0.0,1.0,0.0,0.0,0.0,0.0,0.0,1.0,0.0,1
45,3,1.0,32.0,0,0,8.05,0.0,3.0,0,1,1.0,0.0,0.0,0.0,1.0,0.0,1.0,0.0,0.0,0.0,0
807,3,0.0,18.0,0,0,7.775,1.0,2.0,0,1,0.0,0.0,0.0,0.0,1.0,0.0,0.0,0.0,1.0,0.0,0
157,3,1.0,30.0,0,0,8.05,1.0,3.0,0,1,1.0,0.0,0.0,0.0,1.0,0.0,1.0,0.0,0.0,0.0,0
665,2,1.0,32.0,2,0,73.5,1.0,3.0,2,5,4.0,0.0,0.0,0.0,1.0,0.0,1.0,0.0,0.0,0.0,0
171,3,1.0,4.0,4,1,29.125,1.0,0.0,5,5,3.0,0.0,0.0,1.0,0.0,1.0,0.0,0.0,0.0,0.0,0
16,3,1.0,2.0,4,1,29.125,1.0,0.0,5,5,3.0,0.0,0.0,1.0,0.0,1.0,0.0,0.0,0.0,0.0,0
511,3,1.0,32.0,0,0,8.05,0.0,3.0,0,1,1.0,0.0,0.0,0.0,1.0,0.0,1.0,0.0,0.0,0.0,0
48,3,1.0,32.0,2,0,21.6792,0.0,3.0,2,1,2.0,0.0,1.0,0.0,0.0,0.0,1.0,0.0,0.0,0.0,0
862,1,0.0,48.0,0,0,25.9292,1.0,4.0,0,1,3.0,4.0,0.0,0.0,1.0,0.0,0.0,1.0,0.0,0.0,1
749,3,1.0,31.0,0,0,7.75,1.0,3.0,0,1,0.0,0.0,0.0,1.0,0.0,0.0,1.0,0.0,0.0,0.0,0
515,1,1.0,47.0,0,0,34.0208,1.0,4.0,0,1,3.0,4.0,0.0,0.0,1.0,0.0,1.0,0.0,0.0,0.0,0
617,3,0.0,26.0,1,0,16.1,1.0,3.0,1,2,2.0,0.0,0.0,0.0,1.0,0.0,0.0,1.0,0.0,0.0,0
480,3,1.0,9.0,5,2,46.9,1.0,0.0,7,6,4.0,0.0,0.0,0.0,1.0,1.0,0.0,0.0,0.0,0.0,0
283,3,1.0,19.0,0,0,8.05,1.0,2.0,0,1,1.0,0.0,0.0,0.0,1.0,0.0,1.0,0.0,0.0,0.0,1
589,3,1.0,32.0,0,0,8.05,0.0,3.0,0,1,1.0,0.0,0.0,0.0,1.0,0.0,1.0,0.0,0.0,0.0,0
225,3,1.0,22.0,0,0,9.35,1.0,2.0,0,1,1.0,0.0,0.0,0.0,1.0,0.0,1.0,0.0,0.0,0.0,0
26,3,1.0,32.0,0,0,7.225,0.0,3.0,0,1,0.0,0.0,1.0,0.0,0.0,0.0,1.0,0.0,0.0,0.0,0
848,2,1.0,28.0,0,1,33.0,1.0,3.0,1,3,3.0,0.0,0.0,0.0,1.0,0.0,0.0,0.0,0.0,1.0,0
437,2,0.0,24.0,2,3,18.75,1.0,2.0,5,3,2.0,0.0,0.0,0.0,1.0,0.0,0.0,1.0,0.0,0.0,1
844,3,1.0,17.0,0,0,8.6625,1.0,1.0,0,1,1.0,0.0,0.0,0.0,1.0,0.0,1.0,0.0,0.0,0.0,0
364,3,1.0,32.0,1,0,15.5,0.0,3.0,1,2,2.0,0.0,0.0,1.0,0.0,0.0,1.0,0.0,0.0,0.0,0
229,3,0.0,22.0,3,1,25.4667,0.0,2.0,4,4,3.0,0.0,0.0,0.0,1.0,0.0,0.0,0.0,1.0,0.0,0
37,3,1.0,21.0,0,0,8.05,1.0,2.0,0,1,1.0,0.0,0.0,0.0,1.0,0.0,1.0,0.0,0.0,0.0,0
857,1,1.0,51.0,0,0,26.55,1.0,5.0,0,1,3.0,3.0,0.0,0.0,1.0,0.0,1.0,0.0,0.0,0.0,1
374,3,0.0,3.0,3,1,21.075,1.0,0.0,4,4,2.0,0.0,0.0,0.0,1.0,0.0,0.0,0.0,1.0,0.0,0
469,3,0.0,0.0,2,1,19.2583,1.0,0.0,3,4,2.0,0.0,1.0,0.0,0.0,0.0,0.0,0.0,1.0,0.0,1
859,3,1.0,32.0,0,0,7.2292,0.0,3.0,0,1,0.0,0.0,1.0,0.0,0.0,0.0,1.0,0.0,0.0,0.0,0
758,3,1.0,34.0,0,0,8.05,1.0,3.0,0,1,1.0,0.0,0.0,0.0,1.0,0.0,1.0,0.0,0.0,0.0,0
651,2,0.0,18.0,0,1,23.0,1.0,2.0,1,2,2.0,0.0,0.0,0.0,1.0,0.0,0.0,0.0,1.0,0.0,1
194,1,0.0,44.0,0,0,27.7208,1.0,4.0,0,1,3.0,6.0,1.0,0.0,0.0,0.0,0.0,1.0,0.0,0.0,1
760,3,1.0,32.0,0,0,14.5,0.0,3.0,0,2,2.0,0.0,0.0,0.0,1.0,0.0,1.0,0.0,0.0,0.0,0
868,3,1.0,32.0,0,0,9.5,0.0,3.0,0,1,1.0,0.0,0.0,0.0,1.0,0.0,1.0,0.0,0.0,0.0,0
503,3,0.0,37.0,0,0,9.5875,1.0,4.0,0,1,1.0,0.0,0.0,0.0,1.0,0.0,0.0,0.0,1.0,0.0,0
861,2,1.0,21.0,1,0,11.5,1.0,2.0,1,1,2.0,0.0,0.0,0.0,1.0,0.0,1.0,0.0,0.0,0.0,0
741,1,1.0,36.0,1,0,78.85,1.0,4.0,1,2,4.0,5.0,0.0,0.0,1.0,0.0,1.0,0.0,0.0,0.0,0
579,3,1.0,32.0,0,0,7.925,1.0,3.0,0,1,1.0,0.0,0.0,0.0,1.0,0.0,1.0,0.0,0.0,0.0,1
888,3,0.0,22.0,1,2,23.45,0.0,2.0,3,2,3.0,0.0,0.0,0.0,1.0,0.0,0.0,0.0,1.0,0.0,0
162,3,1.0,26.0,0,0,7.775,1.0,3.0,0,1,0.0,0.0,0.0,0.0,1.0,0.0,1.0,0.0,0.0,0.0,0
630,1,1.0,80.0,0,0,30.0,1.0,5.0,0,1,3.0,7.0,0.0,0.0,1.0,0.0,1.0,0.0,0.0,0.0,1
152,3,1.0,55.0,0,0,8.05,0.0,5.0,0,1,1.0,0.0,0.0,0.0,1.0,0.0,1.0,0.0,0.0,0.0,0
684,2,1.0,60.0,1,1,39.0,1.0,5.0,2,2,3.0,0.0,0.0,0.0,1.0,0.0,1.0,0.0,0.0,0.0,0
629,3,1.0,32.0,0,0,7.7333,0.0,3.0,0,1,0.0,0.0,0.0,1.0,0.0,0.0,1.0,0.0,0.0,0.0,0
675,3,1.0,18.0,0,0,7.775,1.0,2.0,0,1,0.0,0.0,0.0,0.0,1.0,0.0,1.0,0.0,0.0,0.0,0
111,3,0.0,14.0,1,0,14.4542,0.0,1.0,1,2,2.0,0.0,1.0,0.0,0.0,0.0,0.0,0.0,1.0,0.0,0
226,2,1.0,19.0,0,0,10.5,1.0,2.0,0,1,1.0,0.0,0.0,0.0,1.0,0.0,1.0,0.0,0.0,0.0,1
618,2,0.0,4.0,2,1,39.0,1.0,0.0,3,2,3.0,2.0,0.0,0.0,1.0,0.0,0.0,0.0,1.0,0.0,1
103,3,1.0,33.0,0,0,8.6542,1.0,3.0,0,1,1.0,0.0,0.0,0.0,1.0,0.0,1.0,0.0,0.0,0.0,0
421,3,1.0,21.0,0,0,7.7333,1.0,2.0,0,1,0.0,0.0,0.0,1.0,0.0,0.0,1.0,0.0,0.0,0.0,0
419,3,0.0,10.0,0,2,24.15,1.0,0.0,2,3,3.0,0.0,0.0,0.0,1.0,0.0,0.0,0.0,1.0,0.0,0
586,2,1.0,47.0,0,0,15.0,1.0,4.0,0,1,2.0,0.0,0.0,0.0,1.0,0.0,1.0,0.0,0.0,0.0,0
119,3,0.0,2.0,4,2,31.275,1.0,0.0,6,7,3.0,0.0,0.0,0.0,1.0,0.0,0.0,0.0,1.0,0.0,0
53,2,0.0,29.0,1,0,26.0,1.0,3.0,1,1,3.0,0.0,0.0,0.0,1.0,0.0,0.0,1.0,0.0,0.0,1
151,1,0.0,22.0,1,0,66.6,1.0,2.0,1,2,4.0,5.0,0.0,0.0,1.0,0.0,0.0,1.0,0.0,0.0,1
403,3,1.0,28.0,1,0,15.85,1.0,3.0,1,2,2.0,0.0,0.0,0.0,1.0,0.0,1.0,0.0,0.0,0.0,0
839,1,1.0,32.0,0,0,29.7,0.0,3.0,0,1,3.0,5.0,1.0,0.0,0.0,0.0,1.0,0.0,0.0,0.0,1
207,3,1.0,26.0,0,0,18.7875,1.0,3.0,0,2,2.0,0.0,1.0,0.0,0.0,0.0,1.0,0.0,0.0,0.0,1
752,3,1.0,33.0,0,0,9.5,1.0,3.0,0,1,1.0,0.0,0.0,0.0,1.0,0.0,1.0,0.0,0.0,0.0,0
717,2,0.0,27.0,0,0,10.5,1.0,3.0,0,1,1.0,3.0,0.0,0.0,1.0,0.0,0.0,0.0,1.0,0.0,1
8,3,0.0,27.0,0,2,11.1333,1.0,3.0,2,3,2.0,0.0,0.0,0.0,1.0,0.0,0.0,1.0,0.0,0.0,1
722,2,1.0,34.0,0,0,13.0,1.0,3.0,0,1,2.0,0.0,0.0,0.0,1.0,0.0,1.0,0.0,0.0,0.0,0
36,3,1.0,32.0,0,0,7.2292,0.0,3.0,0,1,0.0,0.0,1.0,0.0,0.0,0.0,1.0,0.0,0.0,0.0,1
452,1,1.0,30.0,0,0,27.75,1.0,3.0,0,1,3.0,5.0,1.0,0.0,0.0,0.0,1.0,0.0,0.0,0.0,0
253,3,1.0,30.0,1,0,16.1,1.0,3.0,1,2,2.0,0.0,0.0,0.0,1.0,0.0,1.0,0.0,0.0,0.0,0
303,2,0.0,22.0,0,0,12.35,0.0,2.0,0,1,2.0,3.0,0.0,1.0,0.0,0.0,0.0,0.0,1.0,0.0,1
667,3,1.0,32.0,0,0,7.775,0.0,3.0,0,1,0.0,0.0,0.0,0.0,1.0,0.0,1.0,0.0,0.0,0.0,0
571,1,0.0,53.0,2,0,51.4792,1.0,5.0,2,1,4.0,5.0,0.0,0.0,1.0,0.0,0.0,1.0,0.0,0.0,1
636,3,1.0,32.0,0,0,7.925,1.0,3.0,0,1,1.0,0.0,0.0,0.0,1.0,0.0,1.0,0.0,0.0,0.0,0
714,2,1.0,52.0,0,0,13.0,1.0,5.0,0,2,2.0,0.0,0.0,0.0,1.0,0.0,1.0,0.0,0.0,0.0,0
262,1,1.0,52.0,1,1,79.65,1.0,5.0,2,3,4.0,3.0,0.0,0.0,1.0,0.0,1.0,0.0,0.0,0.0,0
610,3,0.0,39.0,1,5,31.275,1.0,4.0,6,7,3.0,0.0,0.0,0.0,1.0,0.0,0.0,1.0,0.0,0.0,0
297,1,0.0,2.0,1,2,151.55,1.0,0.0,3,4,5.0,5.0,0.0,0.0,1.0,0.0,0.0,0.0,1.0,0.0,0
414,3,1.0,44.0,0,0,7.925,1.0,4.0,0,1,1.0,0.0,0.0,0.0,1.0,0.0,1.0,0.0,0.0,0.0,1
150,2,1.0,51.0,0,0,12.525,1.0,5.0,0,1,2.0,0.0,0.0,0.0,1.0,0.0,0.0,0.0,0.0,1.0,0
705,2,1.0,39.0,0,0,26.0,1.0,4.0,0,2,3.0,0.0,0.0,0.0,1.0,0.0,1.0,0.0,0.0,0.0,0
789,1,1.0,46.0,0,0,79.2,1.0,4.0,0,2,4.0,6.0,1.0,0.0,0.0,0.0,1.0,0.0,0.0,0.0,0
550,1,1.0,17.0,0,2,110.8833,1.0,1.0,2,4,5.0,5.0,1.0,0.0,0.0,0.0,1.0,0.0,0.0,0.0,1
488,3,1.0,30.0,0,0,8.05,1.0,3.0,0,1,1.0,0.0,0.0,0.0,1.0,0.0,1.0,0.0,0.0,0.0,0
147,3,0.0,9.0,2,2,34.375,1.0,0.0,4,4,3.0,0.0,0.0,0.0,1.0,0.0,0.0,0.0,1.0,0.0,0
146,3,1.0,27.0,0,0,7.7958,1.0,3.0,0,1,0.0,0.0,0.0,0.0,1.0,0.0,1.0,0.0,0.0,0.0,1
836,3,1.0,21.0,0,0,8.6625,1.0,2.0,0,1,1.0,0.0,0.0,0.0,1.0,0.0,1.0,0.0,0.0,0.0,0
826,3,1.0,32.0,0,0,56.4958,0.0,3.0,0,7,4.0,0.0,0.0,0.0,1.0,0.0,1.0,0.0,0.0,0.0,0
870,3,1.0,26.0,0,0,7.8958,1.0,3.0,0,1,1.0,0.0,0.0,0.0,1.0,0.0,1.0,0.0,0.0,0.0,0
348,3,1.0,3.0,1,1,15.9,1.0,0.0,2,2,2.0,0.0,0.0,0.0,1.0,1.0,0.0,0.0,0.0,0.0,1
463,2,1.0,48.0,0,0,13.0,1.0,4.0,0,1,2.0,0.0,0.0,0.0,1.0,0.0,1.0,0.0,0.0,0.0,0
325,1,0.0,36.0,0,0,135.6333,1.0,4.0,0,3,5.0,5.0,1.0,0.0,0.0,0.0,0.0,0.0,1.0,0.0,1
186,3,0.0,35.0,1,0,15.5,0.0,4.0,1,2,2.0,0.0,0.0,1.0,0.0,0.0,0.0,1.0,0.0,0.0,1
123,2,0.0,32.0,0,0,13.0,0.0,3.0,0,1,2.0,3.0,0.0,0.0,1.0,0.0,0.0,0.0,1.0,0.0,1
759,1,0.0,33.0,0,0,86.5,1.0,3.0,0,3,4.0,6.0,0.0,0.0,1.0,0.0,0.0,0.0,1.0,0.0,1
608,2,0.0,22.0,1,2,41.5792,1.0,2.0,3,3,4.0,0.0,1.0,0.0,0.0,0.0,0.0,1.0,0.0,0.0,1
143,3,1.0,19.0,0,0,6.75,1.0,2.0,0,1,0.0,0.0,0.0,1.0,0.0,0.0,1.0,0.0,0.0,0.0,0
851,3,1.0,74.0,0,0,7.775,1.0,5.0,0,1,0.0,0.0,0.0,0.0,1.0,0.0,1.0,0.0,0.0,0.0,0
197,3,1.0,42.0,0,1,8.4042,1.0,4.0,1,1,1.0,0.0,0.0,0.0,1.0,0.0,1.0,0.0,0.0,0.0,0
609,1,0.0,40.0,0,0,153.4625,1.0,4.0,0,3,5.0,5.0,0.0,0.0,1.0,0.0,0.0,0.0,1.0,0.0,1
279,3,0.0,35.0,1,1,20.25,1.0,4.0,2,2,2.0,0.0,0.0,0.0,1.0,0.0,0.0,1.0,0.0,0.0,1
293,3,0.0,24.0,0,0,8.85,1.0,2.0,0,1,1.0,0.0,0.0,0.0,1.0,0.0,0.0,0.0,1.0,0.0,0
400,3,1.0,39.0,0,0,7.925,1.0,4.0,0,1,1.0,0.0,0.0,0.0,1.0,0.0,1.0,0.0,0.0,0.0,1
122,2,1.0,32.0,1,0,30.0708,0.0,3.0,1,2,3.0,0.0,1.0,0.0,0.0,0.0,1.0,0.0,0.0,0.0,0
183,2,1.0,1.0,2,1,39.0,1.0,0.0,3,2,3.0,2.0,0.0,0.0,1.0,1.0,0.0,0.0,0.0,0.0,1
202,3,1.0,34.0,0,0,6.4958,1.0,3.0,0,1,0.0,0.0,0.0,0.0,1.0,0.0,1.0,0.0,0.0,0.0,0
438,1,1.0,64.0,1,4,263.0,1.0,5.0,5,4,5.0,5.0,0.0,0.0,1.0,0.0,1.0,0.0,0.0,0.0,0
246,3,0.0,25.0,0,0,7.775,1.0,3.0,0,1,0.0,0.0,0.0,0.0,1.0,0.0,0.0,0.0,1.0,0.0,0
415,3,0.0,35.0,0,0,8.05,0.0,4.0,0,1,1.0,0.0,0.0,0.0,1.0,0.0,0.0,1.0,0.0,0.0,0
788,3,1.0,1.0,1,2,20.575,1.0,0.0,3,2,2.0,0.0,0.0,0.0,1.0,1.0,0.0,0.0,0.0,0.0,1
129,3,1.0,45.0,0,0,6.975,1.0,4.0,0,1,0.0,0.0,0.0,0.0,1.0,0.0,1.0,0.0,0.0,0.0,0
637,2,1.0,31.0,1,1,26.25,1.0,3.0,2,3,3.0,0.0,0.0,0.0,1.0,0.0,1.0,0.0,0.0,0.0,0
402,3,0.0,21.0,1,0,9.825,1.0,2.0,1,1,1.0,0.0,0.0,0.0,1.0,0.0,0.0,0.0,1.0,0.0,0
794,3,1.0,25.0,0,0,7.8958,1.0,3.0,0,1,1.0,0.0,0.0,0.0,1.0,0.0,1.0,0.0,0.0,0.0,0
689,1,0.0,15.0,0,1,211.3375,1.0,1.0,1,3,5.0,6.0,0.0,0.0,1.0,0.0,0.0,0.0,1.0,0.0,1
810,3,1.0,26.0,0,0,7.8875,1.0,3.0,0,1,1.0,0.0,0.0,0.0,1.0,0.0,1.0,0.0,0.0,0.0,0
219,2,1.0,30.0,0,0,10.5,1.0,3.0,0,1,1.0,0.0,0.0,0.0,1.0,0.0,1.0,0.0,0.0,0.0,0
641,1,0.0,24.0,0,0,69.3,1.0,2.0,0,2,4.0,6.0,1.0,0.0,0.0,0.0,0.0,0.0,1.0,0.0,1
812,2,1.0,35.0,0,0,10.5,1.0,4.0,0,1,1.0,0.0,0.0,0.0,1.0,0.0,1.0,0.0,0.0,0.0,0
672,2,1.0,70.0,0,0,10.5,1.0,5.0,0,1,1.0,0.0,0.0,0.0,1.0,0.0,1.0,0.0,0.0,0.0,0
815,1,1.0,32.0,0,0,84.1546875,0.0,3.0,0,1,4.0,6.0,0.0,0.0,1.0,0.0,1.0,0.0,0.0,0.0,0
624,3,1.0,21.0,0,0,16.1,1.0,2.0,0,2,2.0,0.0,0.0,0.0,1.0,0.0,1.0,0.0,0.0,0.0,0
855,3,0.0,18.0,0,1,9.35,1.0,2.0,1,1,1.0,0.0,0.0,0.0,1.0,0.0,0.0,1.0,0.0,0.0,1
680,3,0.0,22.0,0,0,8.1375,0.0,2.0,0,1,1.0,0.0,0.0,1.0,0.0,0.0,0.0,0.0,1.0,0.0,0
386,3,1.0,1.0,5,2,46.9,1.0,0.0,7,6,4.0,0.0,0.0,0.0,1.0,1.0,0.0,0.0,0.0,0.0,0
863,3,0.0,22.0,8,2,69.55,0.0,2.0,10,7,4.0,0.0,0.0,0.0,1.0,0.0,0.0,0.0,1.0,0.0,0
509,3,1.0,26.0,0,0,56.4958,1.0,3.0,0,7,4.0,0.0,0.0,0.0,1.0,0.0,1.0,0.0,0.0,0.0,1
267,3,1.0,25.0,1,0,7.775,1.0,3.0,1,1,0.0,0.0,0.0,0.0,1.0,0.0,1.0,0.0,0.0,0.0,1
732,2,1.0,32.0,0,0,20.66218315217392,0.0,3.0,0,1,2.0,0.0,0.0,0.0,1.0,0.0,1.0,0.0,0.0,0.0,0
441,3,1.0,20.0,0,0,9.5,1.0,2.0,0,1,1.0,0.0,0.0,0.0,1.0,0.0,1.0,0.0,0.0,0.0,0
496,1,0.0,54.0,1,0,78.2667,1.0,5.0,1,2,4.0,4.0,1.0,0.0,0.0,0.0,0.0,0.0,1.0,0.0,1
112,3,1.0,22.0,0,0,8.05,1.0,2.0,0,1,1.0,0.0,0.0,0.0,1.0,0.0,1.0,0.0,0.0,0.0,0
232,2,1.0,59.0,0,0,13.5,1.0,5.0,0,1,2.0,0.0,0.0,0.0,1.0,0.0,1.0,0.0,0.0,0.0,0
774,2,0.0,54.0,1,3,23.0,1.0,5.0,4,1,2.0,0.0,0.0,0.0,1.0,0.0,0.0,1.0,0.0,0.0,1
607,1,1.0,27.0,0,0,30.5,1.0,3.0,0,1,3.0,0.0,0.0,0.0,1.0,0.0,1.0,0.0,0.0,0.0,1
671,1,1.0,31.0,1,0,52.0,1.0,3.0,1,1,4.0,6.0,0.0,0.0,1.0,0.0,1.0,0.0,0.0,0.0,0
373,1,1.0,22.0,0,0,135.6333,1.0,2.0,0,3,5.0,0.0,1.0,0.0,0.0,0.0,1.0,0.0,0.0,0.0,0
872,1,1.0,33.0,0,0,5.0,1.0,3.0,0,1,0.0,6.0,0.0,0.0,1.0,0.0,1.0,0.0,0.0,0.0,0
751,3,1.0,6.0,0,1,12.475,1.0,0.0,1,2,2.0,3.0,0.0,0.0,1.0,1.0,0.0,0.0,0.0,0.0,1
233,3,0.0,5.0,4,2,31.3875,1.0,0.0,6,4,3.0,0.0,0.0,0.0,1.0,0.0,0.0,0.0,1.0,0.0,1
806,1,1.0,39.0,0,0,84.1546875,1.0,4.0,0,1,4.0,7.0,0.0,0.0,1.0,0.0,1.0,0.0,0.0,0.0,0
676,3,1.0,24.0,0,0,8.05,0.0,2.0,0,1,1.0,0.0,0.0,0.0,1.0,0.0,1.0,0.0,0.0,0.0,0
317,2,1.0,54.0,0,0,14.0,1.0,5.0,0,1,2.0,0.0,0.0,0.0,1.0,0.0,0.0,0.0,0.0,1.0,0
648,3,1.0,32.0,0,0,7.55,0.0,3.0,0,1,0.0,0.0,0.0,0.0,1.0,0.0,1.0,0.0,0.0,0.0,0
410,3,1.0,32.0,0,0,7.8958,0.0,3.0,0,1,1.0,0.0,0.0,0.0,1.0,0.0,1.0,0.0,0.0,0.0,0
798,3,1.0,30.0,0,0,7.2292,1.0,3.0,0,1,0.0,0.0,1.0,0.0,0.0,0.0,1.0,0.0,0.0,0.0,0
358,3,0.0,22.0,0,0,7.8792,0.0,2.0,0,1,1.0,0.0,0.0,1.0,0.0,0.0,0.0,0.0,1.0,0.0,1
258,1,0.0,35.0,0,0,512.3292,1.0,4.0,0,3,5.0,0.0,1.0,0.0,0.0,0.0,0.0,0.0,1.0,0.0,1
627,1,0.0,21.0,0,0,77.9583,1.0,2.0,0,3,4.0,4.0,0.0,0.0,1.0,0.0,0.0,0.0,1.0,0.0,1
632,1,1.0,32.0,0,0,30.5,1.0,3.0,0,1,3.0,6.0,1.0,0.0,0.0,0.0,0.0,0.0,0.0,1.0,1
282,3,1.0,16.0,0,0,9.5,1.0,1.0,0,1,1.0,0.0,0.0,0.0,1.0,0.0,1.0,0.0,0.0,0.0,0
376,3,0.0,22.0,0,0,7.25,1.0,2.0,0,1,0.0,0.0,0.0,0.0,1.0,0.0,0.0,0.0,1.0,0.0,1
384,3,1.0,32.0,0,0,7.8958,0.0,3.0,0,1,1.0,0.0,0.0,0.0,1.0,0.0,1.0,0.0,0.0,0.0,0
224,1,1.0,38.0,1,0,90.0,1.0,4.0,1,2,4.0,5.0,0.0,0.0,1.0,0.0,1.0,0.0,0.0,0.0,1
846,3,1.0,32.0,8,2,69.55,0.0,3.0,10,7,4.0,0.0,0.0,0.0,1.0,0.0,1.0,0.0,0.0,0.0,0
728,2,1.0,25.0,1,0,26.0,1.0,3.0,1,1,3.0,0.0,0.0,0.0,1.0,0.0,1.0,0.0,0.0,0.0,0
472,2,0.0,33.0,1,2,27.75,1.0,3.0,3,3,3.0,0.0,0.0,0.0,1.0,0.0,0.0,1.0,0.0,0.0,1
347,3,0.0,35.0,1,0,16.1,0.0,4.0,1,1,2.0,0.0,0.0,0.0,1.0,0.0,0.0,1.0,0.0,0.0,1
505,1,1.0,18.0,1,0,108.9,1.0,2.0,1,2,5.0,5.0,1.0,0.0,0.0,0.0,1.0,0.0,0.0,0.0,0
639,3,1.0,32.0,1,0,16.1,0.0,3.0,1,2,2.0,0.0,0.0,0.0,1.0,0.0,1.0,0.0,0.0,0.0,0
878,3,1.0,32.0,0,0,7.8958,0.0,3.0,0,1,1.0,0.0,0.0,0.0,1.0,0.0,1.0,0.0,0.0,0.0,0
824,3,1.0,2.0,4,1,39.6875,1.0,0.0,5,6,3.0,0.0,0.0,0.0,1.0,1.0,0.0,0.0,0.0,0.0,0
803,3,1.0,0.0,0,1,8.5167,1.0,0.0,1,1,1.0,0.0,1.0,0.0,0.0,1.0,0.0,0.0,0.0,0.0,1
619,2,1.0,26.0,0,0,10.5,1.0,3.0,0,1,1.0,0.0,0.0,0.0,1.0,0.0,1.0,0.0,0.0,0.0,0
761,3,1.0,41.0,0,0,7.125,1.0,4.0,0,1,0.0,0.0,0.0,0.0,1.0,0.0,1.0,0.0,0.0,0.0,0
645,1,1.0,48.0,1,0,76.7292,1.0,4.0,1,3,4.0,4.0,1.0,0.0,0.0,0.0,1.0,0.0,0.0,0.0,1
754,2,0.0,48.0,1,2,65.0,1.0,4.0,3,2,4.0,0.0,0.0,0.0,1.0,0.0,0.0,1.0,0.0,0.0,1
556,1,0.0,48.0,1,0,39.6,1.0,4.0,1,1,3.0,7.0,1.0,0.0,0.0,0.0,0.0,0.0,0.0,1.0,1
850,3,1.0,4.0,4,2,31.275,1.0,0.0,6,7,3.0,0.0,0.0,0.0,1.0,1.0,0.0,0.0,0.0,0.0,0
577,1,0.0,39.0,1,0,55.9,1.0,4.0,1,2,4.0,3.0,0.0,0.0,1.0,0.0,0.0,1.0,0.0,0.0,1
85,3,0.0,33.0,3,0,15.85,1.0,3.0,3,2,2.0,0.0,0.0,0.0,1.0,0.0,0.0,1.0,0.0,0.0,1
242,2,1.0,29.0,0,0,10.5,1.0,3.0,0,1,1.0,0.0,0.0,0.0,1.0,0.0,1.0,0.0,0.0,0.0,0
698,1,1.0,49.0,1,1,110.8833,1.0,4.0,2,4,5.0,5.0,1.0,0.0,0.0,0.0,1.0,0.0,0.0,0.0,0
159,3,1.0,4.0,8,2,69.55,0.0,0.0,10,7,4.0,0.0,0.0,0.0,1.0,1.0,0.0,0.0,0.0,0.0,0
524,3,1.0,32.0,0,0,7.2292,0.0,3.0,0,1,0.0,0.0,1.0,0.0,0.0,0.0,1.0,0.0,0.0,0.0,0
35,1,1.0,42.0,1,0,52.0,1.0,4.0,1,2,4.0,0.0,0.0,0.0,1.0,0.0,1.0,0.0,0.0,0.0,0
540,1,0.0,36.0,0,2,71.0,1.0,4.0,2,2,4.0,6.0,0.0,0.0,1.0,0.0,0.0,0.0,1.0,0.0,1
170,1,1.0,61.0,0,0,33.5,1.0,5.0,0,1,3.0,6.0,0.0,0.0,1.0,0.0,1.0,0.0,0.0,0.0,0
654,3,0.0,18.0,0,0,6.75,1.0,2.0,0,1,0.0,0.0,0.0,1.0,0.0,0.0,0.0,0.0,1.0,0.0,0
786,3,0.0,18.0,0,0,7.4958,1.0,2.0,0,1,0.0,0.0,0.0,0.0,1.0,0.0,0.0,0.0,1.0,0.0,1
755,2,1.0,0.0,1,1,14.5,1.0,0.0,2,2,2.0,0.0,0.0,0.0,1.0,1.0,0.0,0.0,0.0,0.0,1
838,3,1.0,32.0,0,0,56.4958,1.0,3.0,0,7,4.0,0.0,0.0,0.0,1.0,0.0,1.0,0.0,0.0,0.0,1
95,3,1.0,32.0,0,0,8.05,0.0,3.0,0,1,1.0,0.0,0.0,0.0,1.0,0.0,1.0,0.0,0.0,0.0,0
563,3,1.0,32.0,0,0,8.05,0.0,3.0,0,1,1.0,0.0,0.0,0.0,1.0,0.0,1.0,0.0,0.0,0.0,0
240,3,0.0,22.0,1,0,14.4542,0.0,2.0,1,2,2.0,0.0,1.0,0.0,0.0,0.0,0.0,0.0,1.0,0.0,0
574,3,1.0,16.0,0,0,8.05,1.0,1.0,0,1,1.0,0.0,0.0,0.0,1.0,0.0,1.0,0.0,0.0,0.0,0
690,1,1.0,31.0,1,0,57.0,1.0,3.0,1,2,4.0,6.0,0.0,0.0,1.0,0.0,1.0,0.0,0.0,0.0,1
460,1,1.0,48.0,0,0,26.55,1.0,4.0,0,1,3.0,3.0,0.0,0.0,1.0,0.0,1.0,0.0,0.0,0.0,1
553,3,1.0,22.0,0,0,7.225,1.0,2.0,0,1,0.0,0.0,1.0,0.0,0.0,0.0,1.0,0.0,0.0,0.0,1
780,3,0.0,13.0,0,0,7.2292,1.0,1.0,0,1,0.0,0.0,1.0,0.0,0.0,0.0,0.0,0.0,1.0,0.0,1
206,3,1.0,32.0,1,0,15.85,1.0,3.0,1,2,2.0,0.0,0.0,0.0,1.0,0.0,1.0,0.0,0.0,0.0,0
392,3,1.0,28.0,2,0,7.925,1.0,3.0,2,1,1.0,0.0,0.0,0.0,1.0,0.0,1.0,0.0,0.0,0.0,0
397,2,1.0,46.0,0,0,26.0,1.0,4.0,0,2,3.0,0.0,0.0,0.0,1.0,0.0,1.0,0.0,0.0,0.0,0
756,3,1.0,28.0,0,0,7.7958,1.0,3.0,0,1,0.0,0.0,0.0,0.0,1.0,0.0,1.0,0.0,0.0,0.0,0
217,2,1.0,42.0,1,0,27.0,1.0,4.0,1,2,3.0,0.0,0.0,0.0,1.0,0.0,1.0,0.0,0.0,0.0,0
4,3,1.0,35.0,0,0,8.05,1.0,4.0,0,1,1.0,0.0,0.0,0.0,1.0,0.0,1.0,0.0,0.0,0.0,0
642,3,0.0,2.0,3,2,27.9,1.0,0.0,5,6,3.0,0.0,0.0,0.0,1.0,0.0,0.0,0.0,1.0,0.0,0
797,3,0.0,31.0,0,0,8.6833,1.0,3.0,0,1,1.0,0.0,0.0,0.0,1.0,0.0,0.0,1.0,0.0,0.0,1
612,3,0.0,22.0,1,0,15.5,0.0,2.0,1,2,2.0,0.0,0.0,1.0,0.0,0.0,0.0,0.0,1.0,0.0,1
738,3,1.0,32.0,0,0,7.8958,0.0,3.0,0,1,1.0,0.0,0.0,0.0,1.0,0.0,1.0,0.0,0.0,0.0,0
546,2,0.0,19.0,1,0,26.0,1.0,2.0,1,2,3.0,0.0,0.0,0.0,1.0,0.0,0.0,1.0,0.0,0.0,1
725,3,1.0,20.0,0,0,8.6625,1.0,2.0,0,1,1.0,0.0,0.0,0.0,1.0,0.0,1.0,0.0,0.0,0.0,0
683,3,1.0,14.0,5,2,46.9,1.0,1.0,7,6,4.0,0.0,0.0,0.0,1.0,0.0,1.0,0.0,0.0,0.0,0
98,2,0.0,34.0,0,1,23.0,1.0,3.0,1,2,2.0,0.0,0.0,0.0,1.0,0.0,0.0,1.0,0.0,0.0,1
727,3,0.0,22.0,0,0,7.7375,0.0,2.0,0,1,0.0,0.0,0.0,1.0,0.0,0.0,0.0,0.0,1.0,0.0,1
573,3,0.0,22.0,0,0,7.75,0.0,2.0,0,1,0.0,0.0,0.0,1.0,0.0,0.0,0.0,0.0,1.0,0.0,1
406,3,1.0,51.0,0,0,7.75,1.0,5.0,0,1,0.0,0.0,0.0,0.0,1.0,0.0,1.0,0.0,0.0,0.0,0
502,3,0.0,22.0,0,0,7.6292,0.0,2.0,0,1,0.0,0.0,0.0,1.0,0.0,0.0,0.0,0.0,1.0,0.0,0
47,3,0.0,22.0,0,0,7.75,0.0,2.0,0,1,0.0,0.0,0.0,1.0,0.0,0.0,0.0,0.0,1.0,0.0,1
32,3,0.0,22.0,0,0,7.75,0.0,2.0,0,1,0.0,0.0,0.0,1.0,0.0,0.0,0.0,0.0,1.0,0.0,1
200,3,1.0,28.0,0,0,9.5,1.0,3.0,0,1,1.0,0.0,0.0,0.0,1.0,0.0,1.0,0.0,0.0,0.0,0
134,2,1.0,25.0,0,0,13.0,1.0,3.0,0,1,2.0,0.0,0.0,0.0,1.0,0.0,1.0,0.0,0.0,0.0,0
27,1,1.0,19.0,3,2,263.0,1.0,2.0,5,4,5.0,5.0,0.0,0.0,1.0,0.0,1.0,0.0,0.0,0.0,0
847,3,1.0,35.0,0,0,7.8958,1.0,4.0,0,1,1.0,0.0,1.0,0.0,0.0,0.0,1.0,0.0,0.0,0.0,0
230,1,0.0,35.0,1,0,83.475,1.0,4.0,1,2,4.0,5.0,0.0,0.0,1.0,0.0,0.0,1.0,0.0,0.0,1
489,3,1.0,9.0,1,1,15.9,1.0,0.0,2,2,2.0,0.0,0.0,0.0,1.0,1.0,0.0,0.0,0.0,0.0,1
378,3,1.0,20.0,0,0,4.0125,1.0,2.0,0,1,0.0,0.0,1.0,0.0,0.0,0.0,1.0,0.0,0.0,0.0,0
288,2,1.0,42.0,0,0,13.0,1.0,4.0,0,1,2.0,0.0,0.0,0.0,1.0,0.0,1.0,0.0,0.0,0.0,1
418,2,1.0,30.0,0,0,13.0,1.0,3.0,0,1,2.0,0.0,0.0,0.0,1.0,0.0,1.0,0.0,0.0,0.0,0
674,2,1.0,32.0,0,0,20.66218315217392,0.0,3.0,0,1,2.0,0.0,0.0,0.0,1.0,0.0,1.0,0.0,0.0,0.0,0
391,3,1.0,21.0,0,0,7.7958,1.0,2.0,0,1,0.0,0.0,0.0,0.0,1.0,0.0,1.0,0.0,0.0,0.0,1
592,3,1.0,47.0,0,0,7.25,1.0,4.0,0,1,0.0,0.0,0.0,0.0,1.0,0.0,1.0,0.0,0.0,0.0,0
498,1,0.0,25.0,1,2,151.55,1.0,3.0,3,4,5.0,5.0,0.0,0.0,1.0,0.0,0.0,1.0,0.0,0.0,0
138,3,1.0,16.0,0,0,9.2167,1.0,1.0,0,2,1.0,0.0,0.0,0.0,1.0,0.0,1.0,0.0,0.0,0.0,0
62,1,1.0,45.0,1,0,83.475,1.0,4.0,1,2,4.0,5.0,0.0,0.0,1.0,0.0,1.0,0.0,0.0,0.0,0
471,3,1.0,38.0,0,0,8.6625,1.0,4.0,0,1,1.0,0.0,0.0,0.0,1.0,0.0,1.0,0.0,0.0,0.0,0
647,1,1.0,56.0,0,0,35.5,1.0,5.0,0,1,3.0,7.0,1.0,0.0,0.0,0.0,0.0,0.0,0.0,1.0,1
128,3,0.0,22.0,1,1,22.3583,0.0,2.0,2,2,2.0,2.0,1.0,0.0,0.0,0.0,0.0,0.0,1.0,0.0,1
867,1,1.0,31.0,0,0,50.4958,1.0,3.0,0,1,4.0,7.0,0.0,0.0,1.0,0.0,1.0,0.0,0.0,0.0,0
520,1,0.0,30.0,0,0,93.5,1.0,3.0,0,2,4.0,6.0,0.0,0.0,1.0,0.0,0.0,0.0,1.0,0.0,1
64,1,1.0,32.0,0,0,27.7208,0.0,3.0,0,1,3.0,0.0,1.0,0.0,0.0,0.0,1.0,0.0,0.0,0.0,0
14,3,0.0,14.0,0,0,7.8542,1.0,1.0,0,1,1.0,0.0,0.0,0.0,1.0,0.0,0.0,0.0,1.0,0.0,0
156,3,0.0,16.0,0,0,7.7333,1.0,1.0,0,1,0.0,0.0,0.0,1.0,0.0,0.0,0.0,0.0,1.0,0.0,1
40,3,0.0,40.0,1,0,9.475,1.0,4.0,1,1,1.0,0.0,0.0,0.0,1.0,0.0,0.0,1.0,0.0,0.0,0
492,1,1.0,55.0,0,0,30.5,1.0,5.0,0,1,3.0,5.0,0.0,0.0,1.0,0.0,1.0,0.0,0.0,0.0,0
379,3,1.0,19.0,0,0,7.775,1.0,2.0,0,1,0.0,0.0,0.0,0.0,1.0,0.0,1.0,0.0,0.0,0.0,0
187,1,1.0,45.0,0,0,26.55,1.0,4.0,0,1,3.0,0.0,0.0,0.0,1.0,0.0,1.0,0.0,0.0,0.0,1
763,1,0.0,36.0,1,2,120.0,1.0,4.0,3,4,5.0,6.0,0.0,0.0,1.0,0.0,0.0,1.0,0.0,0.0,1
216,3,0.0,27.0,0,0,7.925,1.0,3.0,0,1,1.0,0.0,0.0,0.0,1.0,0.0,0.0,0.0,1.0,0.0,1
52,1,0.0,49.0,1,0,76.7292,1.0,4.0,1,3,4.0,4.0,1.0,0.0,0.0,0.0,0.0,1.0,0.0,0.0,1
337,1,0.0,41.0,0,0,134.5,1.0,4.0,0,2,5.0,3.0,1.0,0.0,0.0,0.0,0.0,0.0,1.0,0.0,1
748,1,1.0,19.0,1,0,53.1,1.0,2.0,1,1,4.0,4.0,0.0,0.0,1.0,0.0,1.0,0.0,0.0,0.0,0
719,3,1.0,33.0,0,0,7.775,1.0,3.0,0,1,0.0,0.0,0.0,0.0,1.0,0.0,1.0,0.0,0.0,0.0,0
724,1,1.0,27.0,1,0,53.1,1.0,3.0,1,2,4.0,3.0,0.0,0.0,1.0,0.0,1.0,0.0,0.0,0.0,1
295,1,1.0,32.0,0,0,27.7208,0.0,3.0,0,1,3.0,0.0,1.0,0.0,0.0,0.0,1.0,0.0,0.0,0.0,0
701,1,1.0,35.0,0,0,26.2875,1.0,4.0,0,1,3.0,3.0,0.0,0.0,1.0,0.0,1.0,0.0,0.0,0.0,1
251,3,0.0,29.0,1,1,10.4625,1.0,3.0,2,2,1.0,1.0,0.0,0.0,1.0,0.0,0.0,1.0,0.0,0.0,0
726,2,0.0,30.0,3,0,21.0,1.0,3.0,3,2,2.0,0.0,0.0,0.0,1.0,0.0,0.0,1.0,0.0,0.0,1
461,3,1.0,34.0,0,0,8.05,1.0,3.0,0,1,1.0,0.0,0.0,0.0,1.0,0.0,1.0,0.0,0.0,0.0,0
455,3,1.0,29.0,0,0,7.8958,1.0,3.0,0,1,1.0,0.0,1.0,0.0,0.0,0.0,1.0,0.0,0.0,0.0,1
887,1,0.0,19.0,0,0,30.0,1.0,2.0,0,1,3.0,6.0,0.0,0.0,1.0,0.0,0.0,0.0,1.0,0.0,1
269,1,0.0,35.0,0,0,135.6333,1.0,4.0,0,3,5.0,5.0,0.0,0.0,1.0,0.0,0.0,0.0,1.0,0.0,1
201,3,1.0,32.0,8,2,69.55,0.0,3.0,10,7,4.0,0.0,0.0,0.0,1.0,0.0,1.0,0.0,0.0,0.0,0
161,2,0.0,40.0,0,0,15.75,1.0,4.0,0,1,2.0,0.0,0.0,0.0,1.0,0.0,0.0,1.0,0.0,0.0,1
555,1,1.0,62.0,0,0,26.55,1.0,5.0,0,1,3.0,0.0,0.0,0.0,1.0,0.0,1.0,0.0,0.0,0.0,0
729,3,0.0,25.0,1,0,7.925,1.0,3.0,1,1,1.0,0.0,0.0,0.0,1.0,0.0,0.0,0.0,1.0,0.0,0
401,3,1.0,26.0,0,0,8.05,1.0,3.0,0,1,1.0,0.0,0.0,0.0,1.0,0.0,1.0,0.0,0.0,0.0,0
702,3,0.0,18.0,0,1,14.4542,1.0,2.0,1,2,2.0,0.0,1.0,0.0,0.0,0.0,0.0,0.0,1.0,0.0,0
476,2,1.0,34.0,1,0,21.0,1.0,3.0,1,2,2.0,0.0,0.0,0.0,1.0,0.0,1.0,0.0,0.0,0.0,0
771,3,1.0,48.0,0,0,7.8542,1.0,4.0,0,1,1.0,0.0,0.0,0.0,1.0,0.0,1.0,0.0,0.0,0.0,0
105,3,1.0,28.0,0,0,7.8958,1.0,3.0,0,1,1.0,0.0,0.0,0.0,1.0,0.0,1.0,0.0,0.0,0.0,0
565,3,1.0,24.0,2,0,24.15,1.0,2.0,2,2,3.0,0.0,0.0,0.0,1.0,0.0,1.0,0.0,0.0,0.0,0
389,2,0.0,17.0,0,0,12.0,1.0,1.0,0,1,2.0,0.0,1.0,0.0,0.0,0.0,0.0,0.0,1.0,0.0,1
1,1,0.0,38.0,1,0,71.2833,1.0,4.0,1,1,4.0,5.0,1.0,0.0,0.0,0.0,0.0,1.0,0.0,0.0,1
832,3,1.0,32.0,0,0,7.2292,0.0,3.0,0,1,0.0,0.0,1.0,0.0,0.0,0.0,1.0,0.0,0.0,0.0,0
561,3,1.0,40.0,0,0,7.8958,1.0,4.0,0,1,1.0,0.0,0.0,0.0,1.0,0.0,1.0,0.0,0.0,0.0,0
80,3,1.0,22.0,0,0,9.0,1.0,2.0,0,1,1.0,0.0,0.0,0.0,1.0,0.0,1.0,0.0,0.0,0.0,0
205,3,0.0,2.0,0,1,10.4625,1.0,0.0,1,2,1.0,1.0,0.0,0.0,1.0,0.0,0.0,0.0,1.0,0.0,0
34,1,1.0,28.0,1,0,82.1708,1.0,3.0,1,2,4.0,0.0,1.0,0.0,0.0,0.0,1.0,0.0,0.0,0.0,0
775,3,1.0,18.0,0,0,7.75,1.0,2.0,0,1,0.0,0.0,0.0,0.0,1.0,0.0,1.0,0.0,0.0,0.0,0
508,3,1.0,28.0,0,0,22.525,1.0,3.0,0,1,2.0,0.0,0.0,0.0,1.0,0.0,1.0,0.0,0.0,0.0,0
427,2,0.0,19.0,0,0,26.0,1.0,2.0,0,2,3.0,0.0,0.0,0.0,1.0,0.0,0.0,0.0,1.0,0.0,1
454,3,1.0,32.0,0,0,8.05,0.0,3.0,0,1,1.0,0.0,0.0,0.0,1.0,0.0,1.0,0.0,0.0,0.0,0
366,1,0.0,60.0,1,0,75.25,1.0,5.0,1,1,4.0,4.0,1.0,0.0,0.0,0.0,0.0,1.0,0.0,0.0,1
91,3,1.0,20.0,0,0,7.8542,1.0,2.0,0,1,1.0,0.0,0.0,0.0,1.0,0.0,1.0,0.0,0.0,0.0,0
339,1,1.0,45.0,0,0,35.5,1.0,4.0,0,1,3.0,8.0,0.0,0.0,1.0,0.0,1.0,0.0,0.0,0.0,0
564,3,0.0,22.0,0,0,8.05,0.0,2.0,0,1,1.0,0.0,0.0,0.0,1.0,0.0,0.0,0.0,1.0,0.0,0
345,2,0.0,24.0,0,0,13.0,1.0,2.0,0,1,2.0,2.0,0.0,0.0,1.0,0.0,0.0,0.0,1.0,0.0,1
776,3,1.0,32.0,0,0,7.75,0.0,3.0,0,1,0.0,2.0,0.0,1.0,0.0,0.0,1.0,0.0,0.0,0.0,0
241,3,0.0,22.0,1,0,15.5,0.0,2.0,1,2,2.0,0.0,0.0,1.0,0.0,0.0,0.0,0.0,1.0,0.0,1
13,3,1.0,39.0,1,5,31.275,1.0,4.0,6,7,3.0,0.0,0.0,0.0,1.0,0.0,1.0,0.0,0.0,0.0,0
315,3,0.0,26.0,0,0,7.8542,1.0,3.0,0,1,1.0,0.0,0.0,0.0,1.0,0.0,0.0,0.0,1.0,0.0,1
600,2,0.0,24.0,2,1,27.0,1.0,2.0,3,2,3.0,0.0,0.0,0.0,1.0,0.0,0.0,1.0,0.0,0.0,1
387,2,0.0,36.0,0,0,13.0,1.0,4.0,0,1,2.0,0.0,0.0,0.0,1.0,0.0,0.0,0.0,1.0,0.0,1
273,1,1.0,37.0,0,1,29.7,1.0,4.0,1,1,3.0,5.0,1.0,0.0,0.0,0.0,1.0,0.0,0.0,0.0,0
166,1,0.0,35.0,0,1,55.0,0.0,4.0,1,2,4.0,3.0,0.0,0.0,1.0,0.0,0.0,1.0,0.0,0.0,1
883,2,1.0,28.0,0,0,10.5,1.0,3.0,0,1,1.0,0.0,0.0,0.0,1.0,0.0,1.0,0.0,0.0,0.0,0
646,3,1.0,19.0,0,0,7.8958,1.0,2.0,0,1,1.0,0.0,0.0,0.0,1.0,0.0,1.0,0.0,0.0,0.0,0
818,3,1.0,43.0,0,0,6.45,1.0,4.0,0,1,0.0,0.0,0.0,0.0,1.0,0.0,1.0,0.0,0.0,0.0,0
484,1,1.0,25.0,1,0,91.0792,1.0,3.0,1,2,4.0,6.0,1.0,0.0,0.0,0.0,1.0,0.0,0.0,0.0,1
873,3,1.0,47.0,0,0,9.0,1.0,4.0,0,1,1.0,0.0,0.0,0.0,1.0,0.0,1.0,0.0,0.0,0.0,0
504,1,0.0,16.0,0,0,86.5,1.0,1.0,0,3,4.0,6.0,0.0,0.0,1.0,0.0,0.0,0.0,1.0,0.0,1
831,2,1.0,0.0,1,1,18.75,1.0,0.0,2,3,2.0,0.0,0.0,0.0,1.0,1.0,0.0,0.0,0.0,0.0,1
243,3,1.0,22.0,0,0,7.125,1.0,2.0,0,1,0.0,0.0,0.0,0.0,1.0,0.0,1.0,0.0,0.0,0.0,0
566,3,1.0,19.0,0,0,7.8958,1.0,2.0,0,1,1.0,0.0,0.0,0.0,1.0,0.0,1.0,0.0,0.0,0.0,0
562,2,1.0,28.0,0,0,13.5,1.0,3.0,0,1,2.0,0.0,0.0,0.0,1.0,0.0,1.0,0.0,0.0,0.0,0
686,3,1.0,14.0,4,1,39.6875,1.0,1.0,5,6,3.0,0.0,0.0,0.0,1.0,0.0,1.0,0.0,0.0,0.0,0
189,3,1.0,36.0,0,0,7.8958,1.0,4.0,0,1,1.0,0.0,0.0,0.0,1.0,0.0,1.0,0.0,0.0,0.0,0
782,1,1.0,29.0,0,0,30.0,1.0,3.0,0,1,3.0,4.0,0.0,0.0,1.0,0.0,1.0,0.0,0.0,0.0,0
699,3,1.0,42.0,0,0,7.65,1.0,4.0,0,1,0.0,2.0,0.0,0.0,1.0,0.0,1.0,0.0,0.0,0.0,0
475,1,1.0,32.0,0,0,52.0,0.0,3.0,0,2,4.0,7.0,0.0,0.0,1.0,0.0,1.0,0.0,0.0,0.0,0
681,1,1.0,27.0,0,0,76.7292,1.0,3.0,0,3,4.0,4.0,1.0,0.0,0.0,0.0,1.0,0.0,0.0,0.0,1
510,3,1.0,29.0,0,0,7.75,1.0,3.0,0,1,0.0,0.0,0.0,1.0,0.0,0.0,1.0,0.0,0.0,0.0,1
58,2,0.0,5.0,1,2,27.75,1.0,0.0,3,3,3.0,0.0,0.0,0.0,1.0,0.0,0.0,0.0,1.0,0.0,1
474,3,0.0,22.0,0,0,9.8375,1.0,2.0,0,1,1.0,0.0,0.0,0.0,1.0,0.0,0.0,0.0,1.0,0.0,0
560,3,1.0,32.0,0,0,7.75,0.0,3.0,0,1,0.0,0.0,0.0,1.0,0.0,0.0,1.0,0.0,0.0,0.0,0
747,2,0.0,30.0,0,0,13.0,1.0,3.0,0,1,2.0,0.0,0.0,0.0,1.0,0.0,0.0,0.0,1.0,0.0,1
252,1,1.0,62.0,0,0,26.55,1.0,5.0,0,1,3.0,5.0,0.0,0.0,1.0,0.0,1.0,0.0,0.0,0.0,0
21,2,1.0,34.0,0,0,13.0,1.0,3.0,0,1,2.0,4.0,0.0,0.0,1.0,0.0,1.0,0.0,0.0,0.0,1
313,3,1.0,28.0,0,0,7.8958,1.0,3.0,0,1,1.0,0.0,0.0,0.0,1.0,0.0,1.0,0.0,0.0,0.0,0
459,3,1.0,32.0,0,0,7.75,0.0,3.0,0,1,0.0,0.0,0.0,1.0,0.0,0.0,1.0,0.0,0.0,0.0,0
160,3,1.0,44.0,0,1,16.1,1.0,4.0,1,1,2.0,0.0,0.0,0.0,1.0,0.0,1.0,0.0,0.0,0.0,0
276,3,0.0,45.0,0,0,7.75,1.0,4.0,0,1,0.0,0.0,0.0,0.0,1.0,0.0,0.0,0.0,1.0,0.0,0
191,2,1.0,19.0,0,0,13.0,1.0,2.0,0,1,2.0,0.0,0.0,0.0,1.0,0.0,1.0,0.0,0.0,0.0,0
385,2,1.0,18.0,0,0,73.5,1.0,2.0,0,5,4.0,0.0,0.0,0.0,1.0,0.0,1.0,0.0,0.0,0.0,0
805,3,1.0,31.0,0,0,7.775,1.0,3.0,0,1,0.0,0.0,0.0,0.0,1.0,0.0,1.0,0.0,0.0,0.0,0
413,2,1.0,32.0,0,0,20.66218315217392,0.0,3.0,0,3,2.0,0.0,0.0,0.0,1.0,0.0,1.0,0.0,0.0,0.0,0
491,3,1.0,21.0,0,0,7.25,1.0,2.0,0,1,0.0,0.0,0.0,0.0,1.0,0.0,1.0,0.0,0.0,0.0,0
343,2,1.0,25.0,0,0,13.0,1.0,3.0,0,1,2.0,0.0,0.0,0.0,1.0,0.0,1.0,0.0,0.0,0.0,0
769,3,1.0,32.0,0,0,8.3625,1.0,3.0,0,1,1.0,0.0,0.0,0.0,1.0,0.0,1.0,0.0,0.0,0.0,0
308,2,1.0,30.0,1,0,24.0,1.0,3.0,1,2,3.0,0.0,1.0,0.0,0.0,0.0,1.0,0.0,0.0,0.0,0
661,3,1.0,40.0,0,0,7.225,1.0,4.0,0,1,0.0,0.0,1.0,0.0,0.0,0.0,1.0,0.0,0.0,0.0,0
130,3,1.0,33.0,0,0,7.8958,1.0,3.0,0,1,1.0,0.0,1.0,0.0,0.0,0.0,1.0,0.0,0.0,0.0,0
663,3,1.0,36.0,0,0,7.4958,1.0,4.0,0,1,0.0,0.0,0.0,0.0,1.0,0.0,1.0,0.0,0.0,0.0,0
871,1,0.0,47.0,1,1,52.5542,1.0,4.0,2,2,4.0,4.0,0.0,0.0,1.0,0.0,0.0,1.0,0.0,0.0,1
99,2,1.0,34.0,1,0,26.0,1.0,3.0,1,2,3.0,0.0,0.0,0.0,1.0,0.0,1.0,0.0,0.0,0.0,0
372,3,1.0,19.0,0,0,8.05,1.0,2.0,0,1,1.0,0.0,0.0,0.0,1.0,0.0,1.0,0.0,0.0,0.0,0
87,3,1.0,32.0,0,0,8.05,0.0,3.0,0,1,1.0,0.0,0.0,0.0,1.0,0.0,1.0,0.0,0.0,0.0,0
458,2,0.0,50.0,0,0,10.5,1.0,5.0,0,1,1.0,0.0,0.0,0.0,1.0,0.0,0.0,0.0,1.0,0.0,1
330,3,0.0,22.0,2,0,23.25,0.0,2.0,2,2,3.0,0.0,0.0,1.0,0.0,0.0,0.0,0.0,1.0,0.0,1
214,3,1.0,32.0,1,0,7.75,0.0,3.0,1,1,0.0,0.0,0.0,1.0,0.0,0.0,1.0,0.0,0.0,0.0,0
466,2,1.0,32.0,0,0,20.66218315217392,0.0,3.0,0,3,2.0,0.0,0.0,0.0,1.0,0.0,1.0,0.0,0.0,0.0,0
121,3,1.0,32.0,0,0,8.05,0.0,3.0,0,1,1.0,0.0,0.0,0.0,1.0,0.0,1.0,0.0,0.0,0.0,0
614,3,1.0,35.0,0,0,8.05,1.0,4.0,0,1,1.0,0.0,0.0,0.0,1.0,0.0,1.0,0.0,0.0,0.0,0
20,2,1.0,35.0,0,0,26.0,1.0,4.0,0,2,3.0,0.0,0.0,0.0,1.0,0.0,1.0,0.0,0.0,0.0,0
700,1,0.0,18.0,1,0,227.525,1.0,2.0,1,4,5.0,5.0,1.0,0.0,0.0,0.0,0.0,1.0,0.0,0.0,1
71,3,0.0,16.0,5,2,46.9,1.0,1.0,7,6,4.0,0.0,0.0,0.0,1.0,0.0,0.0,0.0,1.0,0.0,0
106,3,0.0,21.0,0,0,7.65,1.0,2.0,0,1,0.0,0.0,0.0,0.0,1.0,0.0,0.0,0.0,1.0,0.0,1
270,1,1.0,32.0,0,0,31.0,0.0,3.0,0,2,3.0,0.0,0.0,0.0,1.0,0.0,1.0,0.0,0.0,0.0,0
860,3,1.0,41.0,2,0,14.1083,1.0,4.0,2,1,2.0,0.0,0.0,0.0,1.0,0.0,1.0,0.0,0.0,0.0,0
435,1,0.0,14.0,1,2,120.0,1.0,1.0,3,4,5.0,6.0,0.0,0.0,1.0,0.0,0.0,0.0,1.0,0.0,1
102,1,1.0,21.0,0,1,77.2875,1.0,2.0,1,2,4.0,4.0,0.0,0.0,1.0,0.0,1.0,0.0,0.0,0.0,0
